Row,Date,Location,URL,Final URL,Title,Error
184,"March 19, 2018 at 05:37PM",BTS On Nut (E9) (BTS อ่อนนุช),http://4sq.com/5aVtdK,,,Timed out after 10000ms waiting for CDP command Page.enable.
891,"March 24, 2020 at 06:42PM",Our Jungle House Resort,http://foursquare.com/v/4c3c4c7fb36ac9284fd80386,https://app.foursquare.com/v/4c3c4c7fb36ac9284fd80386,foursquare,
890,"March 24, 2020 at 01:48PM",PTT Kao Phang,http://foursquare.com/v/4d1c0701763fb1f7419d8766,https://app.foursquare.com/v/%E0%B8%9B%E0%B8%95%E0%B8%97-ptt-ngv/4d1c0701763fb1f7419d8766,foursquare,
892,"March 25, 2020 at 12:33PM",Esso,http://foursquare.com/v/5e7aed100da524000775019e,https://app.foursquare.com/v/5e7aed100da524000775019e,foursquare,
894,"March 25, 2020 at 05:51PM",Maikhao Plaza,http://foursquare.com/v/5779cb22498e605ee4019439,https://app.foursquare.com/v/5779cb22498e605ee4019439,foursquare,
895,"March 27, 2020 at 03:41PM",Shell Gas Station,http://foursquare.com/v/583667b7f697e03e516eb502,https://app.foursquare.com/v/583667b7f697e03e516eb502,foursquare,
893,"March 25, 2020 at 04:35PM",Mai Khao Beach (หาดไม้ขาว),http://foursquare.com/v/4d86dcdc5e70224b60023f09,https://app.foursquare.com/v/4d86dcdc5e70224b60023f09,foursquare,
898,"March 28, 2020 at 11:53AM",Yanui Beach (หาดยะนุ้ย),http://foursquare.com/v/4d60f847b6b9a1cd71fc8151,https://app.foursquare.com/v/4d60f847b6b9a1cd71fc8151,foursquare,
897,"March 28, 2020 at 11:40AM",Laem Phrom Thep (แหลมพรหมเทพ),http://foursquare.com/v/4bce8f1eb6c49c742d709791,https://app.foursquare.com/v/4bce8f1eb6c49c742d709791,foursquare,
899,"March 28, 2020 at 02:24PM",Karon View Point (จุดชมวิวกะรน),http://foursquare.com/v/4d5e181d338bb60ced990bbd,,,Timed out after 3000ms waiting for CDP command Page.createIsolatedWorld.
901,"March 31, 2020 at 12:17PM",KASIKORNBANK (ธนาคารกสิกรไทย),http://foursquare.com/v/4d777e7fa32ca1cd519b1bdb,https://app.foursquare.com/v/4d777e7fa32ca1cd519b1bdb,foursquare,
903,"April 12, 2020 at 06:05PM",modena pizza,http://foursquare.com/v/55704eda498e9ea7858e6dde,https://app.foursquare.com/v/55704eda498e9ea7858e6dde,foursquare,
902,"April 09, 2020 at 08:02AM",A Spoonful of Sugar,http://foursquare.com/v/4d148657cc216ea80c805cd3,https://app.foursquare.com/v/4d148657cc216ea80c805cd3,foursquare,
900,"March 29, 2020 at 02:07PM",Makro (แม็คโคร),http://foursquare.com/v/547ea997498eab78dbb31d4e,https://app.foursquare.com/v/547ea997498eab78dbb31d4e,foursquare,
904,"April 14, 2020 at 01:59PM",Sala Mexicali,http://foursquare.com/v/4d93283662ad548112fe7a4b,https://app.foursquare.com/v/4d93283662ad548112fe7a4b,foursquare,
905,"April 26, 2020 at 06:59PM",Baan Kanom,http://foursquare.com/v/557cfa28498e2f0258a2f798,https://app.foursquare.com/v/557cfa28498e2f0258a2f798,foursquare,
908,"May 01, 2020 at 06:17PM",ระเบียงเล,http://foursquare.com/v/4dc3ec04d164eb9c9fc75f41,https://app.foursquare.com/v/4dc3ec04d164eb9c9fc75f41,foursquare,
907,"May 01, 2020 at 05:09PM",Phuket Checkpoint (ด่านตรวจภูเก็ต),http://foursquare.com/v/4da8510f43a12d0c264de8b7,https://app.foursquare.com/v/4da8510f43a12d0c264de8b7,foursquare,
906,"April 30, 2020 at 09:49AM",Bangchak Petrol Station,http://foursquare.com/v/5bb895559fca56002cbc0531,https://app.foursquare.com/v/5bb895559fca56002cbc0531,foursquare,
909,"May 01, 2020 at 07:15PM",7-11 Ptt,http://foursquare.com/v/5870ac558ee5605eaf2fa631,https://app.foursquare.com/v/5870ac558ee5605eaf2fa631,foursquare,
910,"May 01, 2020 at 07:52PM",X2 Khao Lak Anda Mani,http://foursquare.com/v/57a1f101498e5a76c845742a,https://app.foursquare.com/v/57a1f101498e5a76c845742a,foursquare,
911,"May 02, 2020 at 06:32AM",ปั้มบางจาก@หินลาด คุระบุรี พังงา,http://foursquare.com/v/5623796f498ee2c4efe5e143,https://app.foursquare.com/v/5623796f498ee2c4efe5e143,foursquare,
912,"May 02, 2020 at 07:08AM",ครัวสุขสำราญ,http://foursquare.com/v/4f486b25e4b072f5aa80501b,https://app.foursquare.com/v/4f486b25e4b072f5aa80501b,foursquare,
914,"May 02, 2020 at 10:33AM",ปตท. มาบอำมฤต,http://foursquare.com/v/57121d1f498e5f7025caca37,https://app.foursquare.com/v/57121d1f498e5f7025caca37,foursquare,
916,"May 03, 2020 at 05:33AM",Starbucks (สตาร์บัคส์),http://foursquare.com/v/5a26a393d0a14909febc8107,https://app.foursquare.com/v/5a26a393d0a14909febc8107,foursquare,
915,"May 02, 2020 at 05:01PM",Shell (เชลล์),http://foursquare.com/v/4c14e3c2a9c220a1082c589d,https://app.foursquare.com/v/4c14e3c2a9c220a1082c589d,foursquare,
917,"May 03, 2020 at 08:41AM",PTT (ปตท.),http://foursquare.com/v/4e33845b88772aabd8adfac2,https://app.foursquare.com/v/4e33845b88772aabd8adfac2,foursquare,
913,"May 02, 2020 at 08:35AM",ตู้ยามสันติ ระนอง,http://foursquare.com/v/4d39e2d26de7721ed210e949,https://app.foursquare.com/v/4d39e2d26de7721ed210e949,foursquare,
923,"May 26, 2020 at 01:19PM",Ohlanla Coffee,http://foursquare.com/v/571a4fd9cd108e2fcd8a4b0d,https://app.foursquare.com/v/571a4fd9cd108e2fcd8a4b0d,foursquare,
918,"May 09, 2020 at 08:51AM",Nakornping Hospital (โรงพยาบาลนครพิงค์),http://foursquare.com/v/4ba062faf964a5207d6b37e3,https://app.foursquare.com/v/4ba062faf964a5207d6b37e3,foursquare,
920,"May 22, 2020 at 12:26PM",The Duke's,http://foursquare.com/v/55c5d9fe498e95c958736bdd,https://app.foursquare.com/v/55c5d9fe498e95c958736bdd,foursquare,
925,"June 04, 2020 at 10:57AM",Starbucks (สตาร์บัคส์),http://foursquare.com/v/52e12131498ef5f156977c16,https://app.foursquare.com/v/52e12131498ef5f156977c16,foursquare,
926,"June 05, 2020 at 05:25PM",สถานีตำรวจภูธรช้างเผือก,http://foursquare.com/v/4e8f5867be7b7962e9183ac6,https://app.foursquare.com/v/4e8f5867be7b7962e9183ac6,foursquare,
928,"June 22, 2020 at 05:10PM",คลินิก บ้านหมอเป้,http://foursquare.com/v/4f462c49e4b081614e1bb018,https://app.foursquare.com/v/4f462c49e4b081614e1bb018,foursquare,
927,"June 10, 2020 at 08:58AM",Esso (เอสโซ่),http://foursquare.com/v/4d6b9fa2a27f236aa25ca066,https://app.foursquare.com/v/4d6b9fa2a27f236aa25ca066,foursquare,
932,"July 03, 2020 at 06:14PM",Teak Table (ทีค เทเบิล),http://foursquare.com/v/5584d557498e385926fb8c37,https://app.foursquare.com/v/5584d557498e385926fb8c37,foursquare,
931,"June 27, 2020 at 02:06PM",Cafe De Saigon,http://foursquare.com/v/5ef6eff45cb67a0008ec5d6a,https://app.foursquare.com/v/5ef6eff45cb67a0008ec5d6a,foursquare,
933,"July 06, 2020 at 01:31PM",Chiang Mai International Airport (CNX) (ท่าอากาศยานเชียงใหม่),http://foursquare.com/v/4b8e687ff964a520422133e3,https://app.foursquare.com/v/4b8e687ff964a520422133e3,foursquare,
936,"July 20, 2020 at 09:59AM",Airport Business Park,http://foursquare.com/v/4baeee6df964a5208ce23be3,https://app.foursquare.com/v/4baeee6df964a5208ce23be3,foursquare,
935,"July 17, 2020 at 06:44PM",Nern Noom Cafe (เนินนุ่มคาเฟ่),http://foursquare.com/v/5d305e95211fba0008f03993,https://app.foursquare.com/v/5d305e95211fba0008f03993,foursquare,
939,"July 25, 2020 at 11:31AM",Emporium Department Store (เอ็มโพเรียม ดีพาร์ทเม้นท์สโตร์),http://foursquare.com/v/4c4d142a13d120a14f965501,https://app.foursquare.com/v/4c4d142a13d120a14f965501,foursquare,
938,"July 24, 2020 at 10:12PM",Don Mueang International Airport (DMK) (ท่าอากาศยานดอนเมือง),http://foursquare.com/v/4b2df07cf964a5201bdc24e3,https://app.foursquare.com/v/4b2df07cf964a5201bdc24e3,foursquare,
940,"July 25, 2020 at 11:43AM",Another Hound Café (อนาเธอร์ฮาวด์ คาเฟ่),http://foursquare.com/v/54ace09b498eef83f03117cc,https://app.foursquare.com/v/54ace09b498eef83f03117cc,foursquare,
941,"July 25, 2020 at 03:45PM",Wat That Tong (วัดธาตุทอง),http://foursquare.com/v/4b599441f964a5205b8d28e3,https://app.foursquare.com/v/4b599441f964a5205b8d28e3,foursquare,
942,"July 26, 2020 at 12:18PM",TOM N TOMS (ทัม แอนด์ ทัมส์),http://foursquare.com/v/5c7a548a5d891b002cb919a0,https://app.foursquare.com/v/5c7a548a5d891b002cb919a0,foursquare,
945,"July 27, 2020 at 05:56PM",Convention Hall 2 @ Le Meridien,http://foursquare.com/v/4df192a122718759f817ddc2,https://app.foursquare.com/v/4df192a122718759f817ddc2,foursquare,
946,"July 29, 2020 at 09:09AM",Bangkok Hospital Chiang Mai (โรงพยาบาลกรุงเทพเชียงใหม่),http://foursquare.com/v/52f8413f498e18ee6d07815f,https://app.foursquare.com/v/52f8413f498e18ee6d07815f,foursquare,
948,"August 02, 2020 at 09:55AM",Honda Safety Riding Park Chiang Mai,http://foursquare.com/v/571b5beb498e64cbcd9b4720,https://app.foursquare.com/v/571b5beb498e64cbcd9b4720,foursquare,
950,"August 04, 2020 at 01:28PM",The Mexican Grill,http://foursquare.com/v/50ff87c2e4b09cb498012b5a,https://app.foursquare.com/v/50ff87c2e4b09cb498012b5a,foursquare,
951,"August 07, 2020 at 06:43PM",Pizzeria Giotto,http://foursquare.com/v/531dad8f498eba29b3ddd52c,https://app.foursquare.com/v/531dad8f498eba29b3ddd52c,foursquare,
949,"August 04, 2020 at 12:49PM",สำนักงานขนส่งจังหวัดเชียงใหม่,http://foursquare.com/v/4b5937f2f964a520be8128e3,https://app.foursquare.com/v/4b5937f2f964a520be8128e3,foursquare,
953,"August 08, 2020 at 06:53PM",BUCOLIQ,http://foursquare.com/v/58985cb40393cc2d0c948258,https://app.foursquare.com/v/58985cb40393cc2d0c948258,foursquare,
955,"August 09, 2020 at 12:10PM",Horizon Village And Resort Chiang Mai,http://foursquare.com/v/4bc8e8fc762beee1a4ae3d38,https://app.foursquare.com/v/4bc8e8fc762beee1a4ae3d38,foursquare,
957,"August 15, 2020 at 03:07PM",ก๋วยเตี๋ยวรสเยี่ยม สูตรไต้หวัน,http://foursquare.com/v/4cc8f141e7926dcbe2745977,https://app.foursquare.com/v/4cc8f141e7926dcbe2745977,foursquare,
960,"August 25, 2020 at 11:15AM",Health Care Medical Clinic,http://foursquare.com/v/4ef43f396da1a067a655e219,https://app.foursquare.com/v/4ef43f396da1a067a655e219,foursquare,
954,"August 09, 2020 at 12:10PM",Abacus Coffee (อาบาคัส คอฟฟี่),http://foursquare.com/v/4cfdf78a7f2db1f750bb3ad4,https://app.foursquare.com/v/4cfdf78a7f2db1f750bb3ad4,foursquare,
959,"August 22, 2020 at 01:23PM",Natwat Home Café (ณัฐวัฒน์โฮมคาเฟ่),http://foursquare.com/v/4f6330cee4b0ce431be58d6d,https://app.foursquare.com/v/4f6330cee4b0ce431be58d6d,foursquare,
962,"August 26, 2020 at 12:38PM",Café de Oasis (คาเฟ่ เดอ โอเอซิส),http://foursquare.com/v/528c144f11d2c105b44abe8a,https://app.foursquare.com/v/528c144f11d2c105b44abe8a,foursquare,
968,"September 08, 2020 at 09:12AM",Starbucks (สตาร์บัคส์),http://foursquare.com/v/4ccd102c2dc43704d41dcc08,https://app.foursquare.com/v/4ccd102c2dc43704d41dcc08,foursquare,
964,"September 01, 2020 at 12:57PM",Only Coffee,http://foursquare.com/v/5c52c50e75eee40039610c8a,,,Timed out after 3000ms waiting for CDP command Runtime.evaluate.
967,"September 05, 2020 at 06:58PM",N THRÉE coffee & eatery,http://foursquare.com/v/5c2c3598033693002c92dbc1,,,Timed out after 3000ms waiting for CDP command Page.createIsolatedWorld.
973,"September 20, 2020 at 01:47PM",Chez Nous -Artisan Baking Atelier,http://foursquare.com/v/59fec2e99deb7d0ce9ff3022,https://app.foursquare.com/v/59fec2e99deb7d0ce9ff3022,foursquare,
970,"September 08, 2020 at 12:43PM",ก๋วยเตี๋ยวเรือ อองตอง,http://foursquare.com/v/545f0548498ed0dddfd3b422,https://app.foursquare.com/v/545f0548498ed0dddfd3b422,foursquare,
969,"September 08, 2020 at 10:02AM",Chiang Mai Immigration (ตรวจคนเข้าเมือง จ.เชียงใหม่),http://foursquare.com/v/4bc2b8b24cdfc9b6db7f9621,https://app.foursquare.com/v/4bc2b8b24cdfc9b6db7f9621,foursquare,
977,"September 21, 2020 at 11:02AM",Suvarnabhumi Airport (BKK) (ท่าอากาศยานสุวรรณภูมิ),http://foursquare.com/v/4af833a6f964a5205a0b22e3,https://app.foursquare.com/v/4af833a6f964a5205a0b22e3,foursquare,
976,"September 21, 2020 at 09:01AM",Gate 4 (ประตู 4),http://foursquare.com/v/4db12a338154905aadbad2f4,https://app.foursquare.com/v/4db12a338154905aadbad2f4,foursquare,
972,"September 16, 2020 at 05:48PM",Yayoi (ยาโยอิ),http://foursquare.com/v/52e21304498ee77ecb808c26,https://app.foursquare.com/v/52e21304498ee77ecb808c26,foursquare,
974,"September 21, 2020 at 08:06AM",Isuzu,http://foursquare.com/v/52df9421498e284e36f29263,https://app.foursquare.com/v/52df9421498e284e36f29263,foursquare,
978,"September 21, 2020 at 11:48AM",ARL Makkasan (A6) (ARL มักกะสัน),http://foursquare.com/v/4c74b5dd66be6dcbfc8ebe0f,https://app.foursquare.com/v/4c74b5dd66be6dcbfc8ebe0f,foursquare,
979,"September 21, 2020 at 12:18PM",Café Amazon (คาเฟ่ อเมซอน),http://foursquare.com/v/5be2a12eda7080002c52fe97,https://app.foursquare.com/v/5be2a12eda7080002c52fe97,foursquare,
982,"September 22, 2020 at 10:58AM",MRT Phra Ram 9 (BL20) (MRT พระราม 9),http://foursquare.com/v/4b55aaa3f964a52009eb27e3,https://app.foursquare.com/v/4b55aaa3f964a52009eb27e3,foursquare,
983,"September 22, 2020 at 10:58AM",CentralPlaza Grand Rama 9 (เซ็นทรัลพลาซา แกรนด์ พระราม 9),http://foursquare.com/v/4ee7f10200397d4697a87834,https://app.foursquare.com/v/4ee7f10200397d4697a87834,foursquare,
984,"September 22, 2020 at 11:26AM",BTS Chong Nonsi (S3) (BTS ช่องนนทรี),http://foursquare.com/v/4b45b65bf964a5207b0f26e3,https://app.foursquare.com/v/4b45b65bf964a5207b0f26e3,foursquare,
985,"September 22, 2020 at 01:55PM",Dean & DeLuca (ดีน แอนด์ เดลูก้า),http://foursquare.com/v/4edf4a18f9f436d12695ce40,https://app.foursquare.com/v/4edf4a18f9f436d12695ce40,foursquare,
981,"September 21, 2020 at 07:44PM",Esplanade Ratchadapisek (เอสพละนาด รัชดาภิเษก),http://foursquare.com/v/4bdec8c96198c9b6dacc14ff,https://app.foursquare.com/v/4bdec8c96198c9b6dacc14ff,foursquare,
986,"September 22, 2020 at 04:04PM",The Shoppes Grand Rama 9 (เดอะ ช็อปปส์ แกรนด์ พระราม 9),http://foursquare.com/v/5254dc77498ecd6b7a4b6fdc,https://app.foursquare.com/v/5254dc77498ecd6b7a4b6fdc,foursquare,
980,"September 21, 2020 at 01:15PM",Getfresh,http://foursquare.com/v/5e639c4539f73e0008120f28,https://app.foursquare.com/v/5e639c4539f73e0008120f28,foursquare,
987,"September 22, 2020 at 09:35PM",The Melting Clock,http://foursquare.com/v/5d872f6570a68c00089f5268,https://app.foursquare.com/v/5d872f6570a68c00089f5268,foursquare,
988,"September 23, 2020 at 11:27AM",BITEC (ไบเทค),http://foursquare.com/v/4b6e2853f964a52081ae2ce3,https://app.foursquare.com/v/4b6e2853f964a52081ae2ce3,foursquare,
989,"September 23, 2020 at 05:33PM",BTS National Stadium (W1) (BTS สนามกีฬาแห่งชาติ),http://foursquare.com/v/4b584060f964a520a44f28e3,https://app.foursquare.com/v/4b584060f964a520a44f28e3,foursquare,
990,"September 23, 2020 at 05:34PM",MBK Center (เอ็ม บี เค เซ็นเตอร์),http://foursquare.com/v/4b506953f964a520832227e3,https://app.foursquare.com/v/4b506953f964a520832227e3,foursquare,
994,"September 26, 2020 at 12:39PM",Warm Cup,http://foursquare.com/v/5c9f2cd6f193c0002c7d8cb9,https://app.foursquare.com/v/5c9f2cd6f193c0002c7d8cb9,foursquare,
996,"September 28, 2020 at 05:00PM",ก๋วยเตี๋ยวคำหวาน@ptt แม่ริม,http://foursquare.com/v/5add69946fd62622a54794df,https://app.foursquare.com/v/5add69946fd62622a54794df,foursquare,
993,"September 26, 2020 at 10:43AM",Phan Fa,http://foursquare.com/v/5f6eb8f18dabce608e3254f8,https://app.foursquare.com/v/5f6eb8f18dabce608e3254f8,foursquare,
991,"September 23, 2020 at 06:46PM",ARL Phaya Thai (A8) (ARL พญาไท),http://foursquare.com/v/4b99411cf964a520da6d35e3,https://app.foursquare.com/v/4b99411cf964a520da6d35e3,foursquare,
997,"September 29, 2020 at 05:47PM",pansawan,http://foursquare.com/v/54a7e3b6498e87a65dcaa996,https://app.foursquare.com/v/54a7e3b6498e87a65dcaa996,foursquare,
999,"October 03, 2020 at 09:54AM",A 2 C U T,http://foursquare.com/v/51ea20f4498e817979f6c45a,https://app.foursquare.com/v/51ea20f4498e817979f6c45a,foursquare,
1002,"October 10, 2020 at 04:12PM",Central Department Store (ห้างสรรพสินค้าเซ็นทรัล),http://foursquare.com/v/5285715811d2a3e51493a025,https://app.foursquare.com/v/5285715811d2a3e51493a025,foursquare,
1000,"October 03, 2020 at 11:34AM",กำเบ้อ Gramber Cafe,http://foursquare.com/v/5e4782bdaae6a700081757ef,https://app.foursquare.com/v/5e4782bdaae6a700081757ef,foursquare,
1005,"October 12, 2020 at 03:07PM",Mom’s Kitchen,http://foursquare.com/v/5d1c328ffa68ea002af5dc63,https://app.foursquare.com/v/5d1c328ffa68ea002af5dc63,foursquare,
1008,"October 18, 2020 at 07:46AM",PTT (ปตท.),http://foursquare.com/v/4c01da81f8492d7f3a965ffa,https://app.foursquare.com/v/4c01da81f8492d7f3a965ffa,foursquare,
1006,"October 15, 2020 at 09:49AM",Bangkok Bank (ธนาคารกรุงเทพ),http://foursquare.com/v/4d0f2639c3dc3704f5d93074,https://app.foursquare.com/v/4d0f2639c3dc3704f5d93074,foursquare,
1011,"October 18, 2020 at 03:24PM",Dusit Island Resort Chiang Rai (ดุสิตไอส์แลนด์รีสอร์ท),http://foursquare.com/v/4bc409804cdfc9b67a359821,https://app.foursquare.com/v/4bc409804cdfc9b67a359821,foursquare,
1010,"October 18, 2020 at 12:30PM",The Riverie By Kathani Collection Chiang Ria,http://foursquare.com/v/5b7abb7bdb2aeb002c2a7d08,https://app.foursquare.com/v/5b7abb7bdb2aeb002c2a7d08,foursquare,
1009,"October 18, 2020 at 09:26AM",PTT (ปตท.),http://foursquare.com/v/4cb7e2e6c7228cfaa4c703ce,https://app.foursquare.com/v/4cb7e2e6c7228cfaa4c703ce,foursquare,
1014,"October 19, 2020 at 03:52PM",Tham Luang (ถ้ำหลวง),http://foursquare.com/v/4f5dc253e4b01219ad395b4f,https://app.foursquare.com/v/4f5dc253e4b01219ad395b4f,foursquare,
1015,"October 19, 2020 at 04:23PM",Khun Nam Nang Non (ขุนน้ำนางนอน),http://foursquare.com/v/4d7b217e79c4b1f78effe2f2,https://app.foursquare.com/v/4d7b217e79c4b1f78effe2f2,foursquare,
1013,"October 19, 2020 at 03:24PM",สระขุนน้ำมรกต,http://foursquare.com/v/5c1f3c83d41bb7003982d6ad,https://app.foursquare.com/v/5c1f3c83d41bb7003982d6ad,foursquare,
1016,"October 19, 2020 at 06:04PM",Hungry Wolfs,http://foursquare.com/v/599ec0c3f96b2c3468c04b22,https://app.foursquare.com/v/599ec0c3f96b2c3468c04b22,foursquare,
1017,"October 20, 2020 at 12:08PM",Wat Phra Kaeo (วัดพระแก้ว),http://foursquare.com/v/4bc5370141cb76b0932b3e6f,https://app.foursquare.com/v/4bc5370141cb76b0932b3e6f,foursquare,
1012,"October 19, 2020 at 01:05PM",Choui Fong Tea Plantation (ไร่ชาฉุยฟง),http://foursquare.com/v/50dc0a5be4b02de158957d77,https://app.foursquare.com/v/50dc0a5be4b02de158957d77,foursquare,
1020,"October 23, 2020 at 12:42PM",ก๋วยเตี๋ยวชิวหลี(ก๋วยเตี๋ยวหมูบะช่อ),http://foursquare.com/v/4d1c17f5c50e6ea81712d0b8,https://app.foursquare.com/v/4d1c17f5c50e6ea81712d0b8,foursquare,
1019,"October 23, 2020 at 10:49AM",NARIT AstroPark,http://foursquare.com/v/5a92951bfdb9a72665866e7f,https://app.foursquare.com/v/5a92951bfdb9a72665866e7f,foursquare,
1021,"October 23, 2020 at 03:07PM",Starbucks (สตาร์บัคส์),http://foursquare.com/v/5dbcec7a9a3f6800086f1623,https://app.foursquare.com/v/5dbcec7a9a3f6800086f1623,foursquare,
1023,"November 06, 2020 at 08:56AM",The River Market (ตลาดแม่น้ำ),http://foursquare.com/v/4f819951e4b050ced6e6cebd,https://app.foursquare.com/v/4f819951e4b050ced6e6cebd,foursquare,
1022,"October 31, 2020 at 02:09PM",คาเฟ่ ดินดิน Cafe DinDin,http://foursquare.com/v/51e00ac4498e6480eb01580f,https://app.foursquare.com/v/51e00ac4498e6480eb01580f,foursquare,
1027,"November 15, 2020 at 12:18PM",รสหวาน กินง่าย,http://foursquare.com/v/4d95725ec19fb60cfffe6665,https://app.foursquare.com/v/4d95725ec19fb60cfffe6665,foursquare,
1030,"November 24, 2020 at 05:03PM",PTIS International School (Prem),http://foursquare.com/v/4cba4a5ed78f4688b50dbc73,https://app.foursquare.com/v/4cba4a5ed78f4688b50dbc73,foursquare,
1026,"November 14, 2020 at 10:45AM",Huay Tueng Tao (ห้วยตึงเฒ่า),http://foursquare.com/v/4bef8aa1f2712d7f3eecfbd8,https://app.foursquare.com/v/4bef8aa1f2712d7f3eecfbd8,foursquare,
1024,"November 08, 2020 at 08:47AM",Rimtharn Nanglen (ริมธาร นั่งเล่น),http://foursquare.com/v/52be6456498e6ccdabb84b30,https://app.foursquare.com/v/52be6456498e6ccdabb84b30,foursquare,
1031,"November 26, 2020 at 04:43PM",The Duke's Original,http://foursquare.com/v/5f2d47574a0dca2152466a3c,https://app.foursquare.com/v/5f2d47574a0dca2152466a3c,foursquare,
1034,"November 29, 2020 at 01:50PM",Between Café,http://foursquare.com/v/5a3755871b0ea56e2dbbc279,https://app.foursquare.com/v/5a3755871b0ea56e2dbbc279,foursquare,
1033,"November 28, 2020 at 08:32AM",Nana Jungle Chiang Mai,http://foursquare.com/v/54387cde498e0061317c19ee,https://app.foursquare.com/v/54387cde498e0061317c19ee,foursquare,
1037,"December 07, 2020 at 01:33PM",ร้านป้าลอย,http://foursquare.com/v/50dbcc8ce4b03fcf365c6963,https://app.foursquare.com/v/50dbcc8ce4b03fcf365c6963,foursquare,
1038,"December 07, 2020 at 03:22PM",Flora Creek Chiangmai,http://foursquare.com/v/578b238e498e2cf4c207a84b,https://app.foursquare.com/v/578b238e498e2cf4c207a84b,foursquare,
1039,"December 08, 2020 at 03:07PM",DECATHLON,http://foursquare.com/v/57fcc731cd107aa00945c7be,https://app.foursquare.com/v/57fcc731cd107aa00945c7be,foursquare,
1043,"December 18, 2020 at 04:09PM",โรงเรียนศรีเนรูห์,http://foursquare.com/v/4d1d4f5bb69c6dcbb43c5295,https://app.foursquare.com/v/4d1d4f5bb69c6dcbb43c5295,foursquare,
1045,"December 18, 2020 at 05:57PM",Exotissimo Travel,http://foursquare.com/v/5334d6e3498e05d9410c30cc,https://app.foursquare.com/v/5334d6e3498e05d9410c30cc,foursquare,
1046,"December 19, 2020 at 02:24PM",Makro (แม็คโคร),http://foursquare.com/v/4e0458f0fa7643f3a026fc83,https://app.foursquare.com/v/4e0458f0fa7643f3a026fc83,foursquare,
1040,"December 11, 2020 at 05:31PM",Myst (มิสท์),http://foursquare.com/v/5439136e498e48b8d4040f54,https://app.foursquare.com/v/5439136e498e48b8d4040f54,foursquare,
1049,"December 22, 2020 at 03:51PM",7-Eleven (เซเว่น อีเลฟเว่น),http://foursquare.com/v/50a216d2e4b0033f82cdeb80,https://app.foursquare.com/v/50a216d2e4b0033f82cdeb80,foursquare,
1057,"December 29, 2020 at 03:39PM",ลานกางเต็นท์ดอยปุย,http://foursquare.com/v/4ea7d5b2e3003a42bcb85bf9,https://app.foursquare.com/v/4ea7d5b2e3003a42bcb85bf9,foursquare,
1052,"December 24, 2020 at 02:50PM",Coffee We 2,http://foursquare.com/v/4eeae9cdb634b469c304e0de,https://app.foursquare.com/v/4eeae9cdb634b469c304e0de,foursquare,
1060,"December 30, 2020 at 12:31PM",Daily One,http://foursquare.com/v/5591322f498e4c955e6b3abb,https://app.foursquare.com/v/5591322f498e4c955e6b3abb,foursquare,
1059,"December 30, 2020 at 11:17AM",Doi Pui Scenic Point (จุดชมวิวดอยปุย),http://foursquare.com/v/4cde6df4ffcf37042d7d1282,https://app.foursquare.com/v/4cde6df4ffcf37042d7d1282,foursquare,
1062,"January 02, 2021 at 12:11PM",Triplets Eat & Plays,http://foursquare.com/v/5a4f5ab9cf72a05abb97ceec,https://app.foursquare.com/v/5a4f5ab9cf72a05abb97ceec,foursquare,
1058,"December 29, 2020 at 03:40PM",Yod Doi Pui Visitor Center,http://foursquare.com/v/4d1d39b5d7b0b1f752bdf89e,https://app.foursquare.com/v/4d1d39b5d7b0b1f752bdf89e,foursquare,
1072,"January 31, 2021 at 04:21PM",Cervidae Café,http://foursquare.com/v/5916be19e1f0aa603a97b557,https://app.foursquare.com/v/5916be19e1f0aa603a97b557,foursquare,
1063,"January 04, 2021 at 06:15PM",Keep in touch,http://foursquare.com/v/5b25ea56c4df1d002cd991bf,https://app.foursquare.com/v/5b25ea56c4df1d002cd991bf,foursquare,
1069,"January 26, 2021 at 08:14AM",Ristr8to Lab (รีสเตรสโต้ แลป),http://foursquare.com/v/55bc5fab498eae66e63533e5,https://app.foursquare.com/v/55bc5fab498eae66e63533e5,foursquare,
1073,"January 31, 2021 at 05:12PM",VT Namnueng (วีทีแหนมเนือง),http://foursquare.com/v/58d656b213af1c20e26df07a,https://app.foursquare.com/v/58d656b213af1c20e26df07a,foursquare,
1075,"February 03, 2021 at 07:59AM",Wawee Coffee (กาแฟวาวี),http://foursquare.com/v/50e140d4e4b0a94f63e0852e,https://app.foursquare.com/v/50e140d4e4b0a94f63e0852e,foursquare,
1077,"February 10, 2021 at 01:28PM",The Sax Music House,http://foursquare.com/v/5fdcb97eaea7827112b5fa69,https://app.foursquare.com/v/5fdcb97eaea7827112b5fa69,foursquare,
1078,"February 12, 2021 at 07:12PM",Hanawa,http://foursquare.com/v/58438278d25ded6f325301b6,https://app.foursquare.com/v/58438278d25ded6f325301b6,foursquare,
1079,"February 13, 2021 at 07:10PM",Playground 6,http://foursquare.com/v/5e32b2848ea9c10008f67f90,https://app.foursquare.com/v/5e32b2848ea9c10008f67f90,foursquare,
1080,"February 14, 2021 at 09:05AM",Smoothie Blues,http://foursquare.com/v/4bc50fc122c676b0b78e96d3,https://app.foursquare.com/v/4bc50fc122c676b0b78e96d3,foursquare,
1084,"February 21, 2021 at 09:19AM",Bai Orchid & Butterfly,http://foursquare.com/v/4d09c0e064716ea887a6dc10,https://app.foursquare.com/v/4d09c0e064716ea887a6dc10,foursquare,
1086,"February 26, 2021 at 09:30AM",HugYou (ฮักยู) ลำปางหนาวมาก,http://foursquare.com/v/4e1bcc4ab61cb7bbd0d632ca,https://app.foursquare.com/v/4e1bcc4ab61cb7bbd0d632ca,foursquare,
1082,"February 19, 2021 at 07:00PM",MIX (มิกซ์),http://foursquare.com/v/4b63df19f964a52026952ae3,https://app.foursquare.com/v/4b63df19f964a52026952ae3,foursquare,
1085,"February 23, 2021 at 02:25PM",Jim’s Burger,http://foursquare.com/v/5dff68cc69909e00086b8783,https://app.foursquare.com/v/5dff68cc69909e00086b8783,foursquare,
1087,"February 26, 2021 at 11:49AM",Tak Treehouse,http://foursquare.com/v/53e6fe52498ec3e13b7a5849,https://app.foursquare.com/v/53e6fe52498ec3e13b7a5849,foursquare,
1088,"February 26, 2021 at 01:11PM",Oasis Bar&Restauntrent,http://foursquare.com/v/4e05bcef62e100e58164a71e,https://app.foursquare.com/v/4e05bcef62e100e58164a71e,foursquare,
1089,"February 26, 2021 at 04:06PM",PTT (ปตท.),http://foursquare.com/v/4e19b79388777e96477c58e5,https://app.foursquare.com/v/4e19b79388777e96477c58e5,foursquare,
1090,"February 26, 2021 at 10:39PM",Bang Saen Beach (หาดบางแสน),http://foursquare.com/v/4bebc7e562c0c928b880e2d4,https://app.foursquare.com/v/4bebc7e562c0c928b880e2d4,foursquare,
1091,"February 27, 2021 at 10:35AM",Red Temp Coffee,http://foursquare.com/v/5df0bb8ee6d04800087f01dd,https://app.foursquare.com/v/5df0bb8ee6d04800087f01dd,foursquare,
1092,"February 27, 2021 at 06:37PM",Taaruephe (ท่าเรือเพ),http://foursquare.com/v/4bb97aa7cf2fc9b64f97a002,https://app.foursquare.com/v/4bb97aa7cf2fc9b64f97a002,foursquare,
1093,"February 27, 2021 at 06:50PM",Koh Samet Pier (ท่าเรือเกาะเสม็ด),http://foursquare.com/v/4b9345d7f964a520193e34e3,https://app.foursquare.com/v/4b9345d7f964a520193e34e3,foursquare,
1094,"February 27, 2021 at 07:13PM",Sea Horse Bungalow 2,http://foursquare.com/v/4f9271bde4b00fe65e5a192a,https://app.foursquare.com/v/4f9271bde4b00fe65e5a192a,foursquare,
1095,"February 27, 2021 at 07:50PM",Nice & Easy bar,http://foursquare.com/v/4c010159de3376b0011ef9a4,https://app.foursquare.com/v/4c010159de3376b0011ef9a4,foursquare,
1096,"February 28, 2021 at 01:11PM",Tubtim Resort (ทับทิมรีสอร์ท),http://foursquare.com/v/4ed773d1775b4437aa3c4076,https://app.foursquare.com/v/4ed773d1775b4437aa3c4076,foursquare,
1097,"February 28, 2021 at 07:45PM",Silver Sand Beach (หาดซิลเวอร์แซนด์),http://foursquare.com/v/4ed777a0be7b356716a9c958,https://app.foursquare.com/v/4ed777a0be7b356716a9c958,foursquare,
1098,"February 28, 2021 at 09:41PM",Silversand Bar,http://foursquare.com/v/4d7a40c1ecf7a35d487b85f4,https://app.foursquare.com/v/4d7a40c1ecf7a35d487b85f4,foursquare,
1100,"March 01, 2021 at 11:41AM","Samed Island, Thailand",http://foursquare.com/v/59dae5f1dab4b158b7eb1620,https://app.foursquare.com/v/59dae5f1dab4b158b7eb1620,foursquare,
1103,"March 01, 2021 at 07:50PM",King Kong (คิงคอง),http://foursquare.com/v/51fe244f498eb5bc49c161ea,https://app.foursquare.com/v/51fe244f498eb5bc49c161ea,foursquare,
1104,"March 02, 2021 at 10:18AM",Tim Hortons (ทิม ฮอร์ตันส์),http://foursquare.com/v/5edb3c5d79f44f00084480fc,https://app.foursquare.com/v/5edb3c5d79f44f00084480fc,foursquare,
1105,"March 02, 2021 at 11:44AM",K Village (เค วิลเลจ),http://foursquare.com/v/4b481f88f964a520b14826e3,https://app.foursquare.com/v/4b481f88f964a520b14826e3,foursquare,
1107,"March 02, 2021 at 03:17PM",Modern Town,http://foursquare.com/v/4cbe5b880cc4b7136301ecf7,https://app.foursquare.com/v/4cbe5b880cc4b7136301ecf7,foursquare,
1108,"March 02, 2021 at 04:32PM",Smiling Albino Adventures,http://foursquare.com/v/574fd97e498e94b04f588b1f,https://app.foursquare.com/v/574fd97e498e94b04f588b1f,foursquare,
1109,"March 02, 2021 at 07:46PM",Ayutthaya Grand Hotel,http://foursquare.com/v/4b73929ff964a5207db42de3,https://app.foursquare.com/v/4b73929ff964a5207db42de3,foursquare,
1110,"March 02, 2021 at 08:05PM",Grand Market (ตลาดแกรนด์),http://foursquare.com/v/4c5bc87a7735c9b654918a72,https://app.foursquare.com/v/4c5bc87a7735c9b654918a72,foursquare,
1111,"March 03, 2021 at 06:15AM",PTT (ปตท.),http://foursquare.com/v/4d874a3ce83fa143d1b0a0a1,https://app.foursquare.com/v/4d874a3ce83fa143d1b0a0a1,foursquare,
1112,"March 03, 2021 at 10:36AM",Tak Province,http://foursquare.com/v/4e22841ed1647406321222bb,https://app.foursquare.com/v/4e22841ed1647406321222bb,foursquare,
1118,"March 20, 2021 at 11:37AM",Kin Organic Soymilk & Burger,http://foursquare.com/v/5f79bf365481ad2b6b1c329d,https://app.foursquare.com/v/5f79bf365481ad2b6b1c329d,foursquare,
1120,"March 21, 2021 at 01:48PM",Wine Connection (ไวน์คอนเนคชั่น),http://foursquare.com/v/5284ceac11d213f83837150b,https://app.foursquare.com/v/5284ceac11d213f83837150b,foursquare,
1121,"March 21, 2021 at 03:34PM",Life.,http://foursquare.com/v/5ce66e70d552c7002cb62e47,https://app.foursquare.com/v/5ce66e70d552c7002cb62e47,foursquare,
1124,"April 02, 2021 at 09:10PM",XCentre,http://foursquare.com/v/4d995513af3d236abe1b51c7,https://app.foursquare.com/v/4d995513af3d236abe1b51c7,foursquare,
1126,"April 06, 2021 at 08:15AM",Toyota Chiangmai (โตโยต้า เชียงใหม่),http://foursquare.com/v/4df2d97a62e1288ed30221db,https://app.foursquare.com/v/4df2d97a62e1288ed30221db,foursquare,
1129,"April 10, 2021 at 07:02PM",Xanadu,http://foursquare.com/v/4d0210cc582454817cea48ac,https://app.foursquare.com/v/4d0210cc582454817cea48ac,foursquare,
1132,"April 13, 2021 at 02:00PM",ก๋วยเตี๋ยวเรือรังสิต แม่ริม,http://foursquare.com/v/4f83effbe4b08afde213064f,https://app.foursquare.com/v/4f83effbe4b08afde213064f,foursquare,
1133,"April 16, 2021 at 12:40PM",Phoenix Adventure Park,http://foursquare.com/v/55695a90498efad9469931ce,https://app.foursquare.com/v/55695a90498efad9469931ce,foursquare,
1135,"April 18, 2021 at 12:37PM",Rim Nara Cafe & Bistro,http://foursquare.com/v/5ee2fc525b9a110e34b2ce43,https://app.foursquare.com/v/5ee2fc525b9a110e34b2ce43,foursquare,
1137,"June 06, 2021 at 11:48AM",River Rock Cafe Hill,http://foursquare.com/v/5f69997ca3396c117c6dca33,https://app.foursquare.com/v/5f69997ca3396c117c6dca33,foursquare,
1139,"June 09, 2021 at 12:34PM",HomePro (โฮมโปร),http://foursquare.com/v/4c2ee894a0ced13ad5b90f6e,https://app.foursquare.com/v/4c2ee894a0ced13ad5b90f6e,foursquare,
1141,"June 09, 2021 at 01:35PM",Bread Brasserie,http://foursquare.com/v/4be78a73c5220f477fcda8ca,https://app.foursquare.com/v/4be78a73c5220f477fcda8ca,foursquare,
1145,"June 13, 2021 at 02:14PM",Domestic Departures,http://foursquare.com/v/4f2a35bde4b00df25c7b3900,https://app.foursquare.com/v/4f2a35bde4b00df25c7b3900,foursquare,
1147,"June 13, 2021 at 06:18PM",Megabangna (เมกาบางนา),http://foursquare.com/v/4f98ca42e4b028100302dbde,https://app.foursquare.com/v/4f98ca42e4b028100302dbde,foursquare,
1148,"June 14, 2021 at 07:14AM",Novotel Suvarnabhumi Airport Hotel (โรงแรมโนโวเทล สุวรรณภูมิ),http://foursquare.com/v/4b9cce4bf964a5207e7c36e3,https://app.foursquare.com/v/4b9cce4bf964a5207e7c36e3,foursquare,
1149,"June 14, 2021 at 02:30PM",Som Tam Nua (ส้มตำนัว),http://foursquare.com/v/5d039d38bb8d36002cda0698,https://app.foursquare.com/v/5d039d38bb8d36002cda0698,foursquare,
1150,"June 14, 2021 at 07:35PM",Robinson Lifestyle Ladkrabang (โรบินสัน ไลฟ์สไตล์ ลาดกระบัง),http://foursquare.com/v/5dca34746f3d030007c4b552,https://app.foursquare.com/v/5dca34746f3d030007c4b552,foursquare,
1152,"June 15, 2021 at 02:26PM",Narita International Airport (NRT) (成田国際空港),http://foursquare.com/v/4ad6cea1f964a520480821e3,https://app.foursquare.com/v/4ad6cea1f964a520480821e3,foursquare,
1153,"June 16, 2021 at 04:41AM",XFINITY Store by Comcast,http://foursquare.com/v/57dbb5b7498e779b7cf537d4,https://app.foursquare.com/v/57dbb5b7498e779b7cf537d4,foursquare,
1154,"June 16, 2021 at 05:22AM",Pasta & Co,http://foursquare.com/v/4b7df10df964a52050db2fe3,https://app.foursquare.com/v/4b7df10df964a52050db2fe3,foursquare,
1155,"June 16, 2021 at 10:40PM",Starbucks,http://foursquare.com/v/52869068498e3289da673edf,https://app.foursquare.com/v/52869068498e3289da673edf,foursquare,
1156,"June 17, 2021 at 08:33AM",Zeeks Pizza,http://foursquare.com/v/4c05bb53191f20a1ee96e314,https://app.foursquare.com/v/4c05bb53191f20a1ee96e314,foursquare,
1157,"June 21, 2021 at 02:09AM",Bellevue Downtown Park,http://foursquare.com/v/488db78ff964a52055511fe3,https://app.foursquare.com/v/488db78ff964a52055511fe3,foursquare,
1158,"June 21, 2021 at 03:01AM",Bird Pepper Thai Kitchen,http://foursquare.com/v/5cc4aca33731ee002c87976b,https://app.foursquare.com/v/5cc4aca33731ee002c87976b,foursquare,
1159,"June 22, 2021 at 12:35AM",Safeway Pharmacy,http://foursquare.com/v/4fb308ffe4b035d022e3515b,https://app.foursquare.com/v/4fb308ffe4b035d022e3515b,foursquare,
1160,"June 24, 2021 at 07:45AM",QFC,http://foursquare.com/v/50ac0ffb6ebbe077009826c5,https://app.foursquare.com/v/50ac0ffb6ebbe077009826c5,foursquare,
1161,"June 25, 2021 at 05:31AM",The Home Depot,http://foursquare.com/v/4a6e52d8f964a52081d41fe3,https://app.foursquare.com/v/4a6e52d8f964a52081d41fe3,foursquare,
1162,"June 25, 2021 at 07:34AM",Tesla,http://foursquare.com/v/5a0fd192a4ba7c5fbffd967d,https://app.foursquare.com/v/5a0fd192a4ba7c5fbffd967d,foursquare,
1163,"June 26, 2021 at 04:54AM",Point on Yarrow Bay,http://foursquare.com/v/4b1ee864f964a520672124e3,https://app.foursquare.com/v/4b1ee864f964a520672124e3,foursquare,
1164,"June 26, 2021 at 06:47AM",Wells Medina Nursery,http://foursquare.com/v/4bd4b0e6cfa7b7132aa724da,https://app.foursquare.com/v/4bd4b0e6cfa7b7132aa724da,foursquare,
1165,"June 27, 2021 at 02:44AM",Department Of Licensing - Redmond,http://foursquare.com/v/5e164c09d150a8000874712c,https://app.foursquare.com/v/5e164c09d150a8000874712c,foursquare,
1166,"June 27, 2021 at 03:22AM",The UPS Store,http://foursquare.com/v/4b325f4ff964a520df0925e3,https://app.foursquare.com/v/4b325f4ff964a520df0925e3,foursquare,
1167,"June 28, 2021 at 10:18AM",H-Mart,http://foursquare.com/v/54c44a16498e259a3c2d018f,https://app.foursquare.com/v/54c44a16498e259a3c2d018f,foursquare,
1168,"June 28, 2021 at 10:56PM",Bellevue Highlands Park,http://foursquare.com/v/4b9c370ff964a520bd5536e3,https://app.foursquare.com/v/4b9c370ff964a520bd5536e3,foursquare,
1169,"June 28, 2021 at 11:57PM",Target Bellevue,http://foursquare.com/v/5ca4e75c625a66002ce523e7,https://app.foursquare.com/v/5ca4e75c625a66002ce523e7,foursquare,
1170,"June 29, 2021 at 03:42AM",Yarrow Point,http://foursquare.com/v/4bf846d64a67c928b31e25cf,https://app.foursquare.com/v/4bf846d64a67c928b31e25cf,foursquare,
1173,"June 30, 2021 at 01:02AM",IKEA,http://foursquare.com/v/43519800f964a520bd281fe3,https://app.foursquare.com/v/43519800f964a520bd281fe3,foursquare,
1174,"July 02, 2021 at 06:53AM",Bellevue Farmers Market - Thursdays,http://foursquare.com/v/4beca7ef2cf820a12314b91c,https://app.foursquare.com/v/4beca7ef2cf820a12314b91c,foursquare,
1175,"July 09, 2021 at 04:29AM",Bellevue Skate Park,http://foursquare.com/v/4d0c1c2d95c1a1cdf760fafe,https://app.foursquare.com/v/4d0c1c2d95c1a1cdf760fafe,foursquare,
1176,"July 09, 2021 at 05:18AM",Mod Pizza,http://foursquare.com/v/55c28ddd498e97e050c21cb9,https://app.foursquare.com/v/55c28ddd498e97e050c21cb9,foursquare,
1178,"July 11, 2021 at 03:39AM",Ashton Bellevue,http://foursquare.com/v/4e864de02fb6973599935659,https://app.foursquare.com/v/4e864de02fb6973599935659,foursquare,
1177,"July 10, 2021 at 10:11AM",Hidden Valley Park,http://foursquare.com/v/4c5a3ef6d3aee21e256f6a55,https://app.foursquare.com/v/4c5a3ef6d3aee21e256f6a55,foursquare,
1179,"July 11, 2021 at 10:13AM",Georgia Zumdieck Park,http://foursquare.com/v/56c660f2cd102a8ae06a0a1d,https://app.foursquare.com/v/56c660f2cd102a8ae06a0a1d,foursquare,
1181,"July 11, 2021 at 10:40PM",Meydenbauer Bay Park,http://foursquare.com/v/4bcb5fc3cc8cd13aef42bfcf,https://app.foursquare.com/v/4bcb5fc3cc8cd13aef42bfcf,foursquare,
1182,"July 14, 2021 at 08:57AM",Clyde Beach Park,http://foursquare.com/v/4bfb0d8cbbb7c928c2a50743,https://app.foursquare.com/v/4bfb0d8cbbb7c928c2a50743,foursquare,
1184,"July 18, 2021 at 09:53PM",Edmonds Ferry Terminal,http://foursquare.com/v/4a9ed0d8f964a5204a3b20e3,https://app.foursquare.com/v/4a9ed0d8f964a5204a3b20e3,foursquare,
1185,"July 18, 2021 at 09:53PM",Edmonds-Kingston Ferry,http://foursquare.com/v/4bded54be75c0f4742edc803,https://app.foursquare.com/v/4bded54be75c0f4742edc803,foursquare,
1186,"July 18, 2021 at 10:21PM",Kingston-Edmonds Ferry,http://foursquare.com/v/51aa681c498e705deb0818fa,https://app.foursquare.com/v/51aa681c498e705deb0818fa,foursquare,
1187,"July 19, 2021 at 12:11AM",B&B Family Lavender Farm,http://foursquare.com/v/546c1e54498e70143cb4850a,https://app.foursquare.com/v/546c1e54498e70143cb4850a,foursquare,
1188,"July 19, 2021 at 01:28AM",Hi-Way 101 Diner,http://foursquare.com/v/4bf83d6ab182c9b60520775a,https://app.foursquare.com/v/4bf83d6ab182c9b60520775a,foursquare,
1189,"July 19, 2021 at 02:34AM",Lost Mountain Lavender Farm,http://foursquare.com/v/50089af2e4b08aad427ee52d,https://app.foursquare.com/v/50089af2e4b08aad427ee52d,foursquare,
1190,"July 19, 2021 at 06:18AM",Ediz Hook,http://foursquare.com/v/4b5b50ddf964a52000f428e3,https://app.foursquare.com/v/4b5b50ddf964a52000f428e3,foursquare,
1191,"July 19, 2021 at 08:11AM",Hollywood Beach,http://foursquare.com/v/4cf989b0feec6dcbf1b73936,https://app.foursquare.com/v/4cf989b0feec6dcbf1b73936,foursquare,
1192,"July 19, 2021 at 08:47AM",Pho New Saigon,http://foursquare.com/v/5f9ccebb503ff3532600a45d,https://app.foursquare.com/v/5f9ccebb503ff3532600a45d,foursquare,
1194,"July 20, 2021 at 04:28AM",Scratch Kitchen 360,http://foursquare.com/v/59ad79d4c824ae769249ea92,https://app.foursquare.com/v/59ad79d4c824ae769249ea92,foursquare,
1193,"July 20, 2021 at 02:01AM",Tesla Supercharger,http://foursquare.com/v/597687e579f6c704d9c4a90f,https://app.foursquare.com/v/597687e579f6c704d9c4a90f,foursquare,
1196,"July 22, 2021 at 09:22AM",Cactus,http://foursquare.com/v/51c49ee0498e79713182dfa7,https://app.foursquare.com/v/51c49ee0498e79713182dfa7,foursquare,
1197,"July 23, 2021 at 02:16AM",Fred Meyer,http://foursquare.com/v/4a837b31f964a52043fb1fe3,https://app.foursquare.com/v/4a837b31f964a52043fb1fe3,foursquare,
1201,"July 26, 2021 at 02:07AM",Camlann Medieval Village,http://foursquare.com/v/4a99e5eff964a520053120e3,https://app.foursquare.com/v/4a99e5eff964a520053120e3,foursquare,
1198,"July 24, 2021 at 12:19AM",Chase Bank,http://foursquare.com/v/4c09a47ebbc676b0f69f48d5,https://app.foursquare.com/v/4c09a47ebbc676b0f69f48d5,foursquare,
1202,"July 27, 2021 at 04:52AM",Di Fiora,http://foursquare.com/v/5ee181e694aa89349acbf086,https://app.foursquare.com/v/5ee181e694aa89349acbf086,foursquare,
1203,"August 04, 2021 at 03:08AM",KCLS Bellevue Library,http://foursquare.com/v/4a010c08f964a520d1701fe3,https://app.foursquare.com/v/4a010c08f964a520d1701fe3,foursquare,
1204,"August 04, 2021 at 09:45AM",Willowmoor Park,http://foursquare.com/v/5c8ea7c4deb4950025602e3d,https://app.foursquare.com/v/5c8ea7c4deb4950025602e3d,foursquare,
1205,"August 05, 2021 at 02:28AM",Bangkok Crisps Thai Market,http://foursquare.com/v/5e826360247c5f000877ef64,https://app.foursquare.com/v/5e826360247c5f000877ef64,foursquare,
1207,"August 08, 2021 at 04:14AM",Kasala Outlet,http://foursquare.com/v/4b3fdca3f964a520bfb025e3,https://app.foursquare.com/v/4b3fdca3f964a520bfb025e3,foursquare,
1208,"August 08, 2021 at 04:59AM",Outdoor Research Retail Store,http://foursquare.com/v/44f9b193f964a5206c381fe3,https://app.foursquare.com/v/44f9b193f964a5206c381fe3,foursquare,
1209,"August 08, 2021 at 06:57AM",Seward Park,http://foursquare.com/v/43eb42adf964a520332f1fe3,https://app.foursquare.com/v/43eb42adf964a520332f1fe3,foursquare,
1210,"August 09, 2021 at 11:25PM",STEP Academy,http://foursquare.com/v/57ae5eb8cd1052076719ffa2,https://app.foursquare.com/v/57ae5eb8cd1052076719ffa2,foursquare,
1213,"August 14, 2021 at 10:01AM",Houghton Beach Park,http://foursquare.com/v/4a9c9435f964a520983720e3,https://app.foursquare.com/v/4a9c9435f964a520983720e3,foursquare,
1215,"August 18, 2021 at 04:14AM",Bellevue Family Medicine,http://foursquare.com/v/4b4f9bbdf964a520530d27e3,https://app.foursquare.com/v/4b4f9bbdf964a520530d27e3,foursquare,
1216,"August 19, 2021 at 08:31AM",Enatai Beach,http://foursquare.com/v/4c4c66e8959220a1644ff710,https://app.foursquare.com/v/4c4c66e8959220a1644ff710,foursquare,
1217,"August 20, 2021 at 12:43AM",US Post Office,http://foursquare.com/v/58533b29bf1a6d7227d674cd,https://app.foursquare.com/v/58533b29bf1a6d7227d674cd,foursquare,
1218,"August 22, 2021 at 07:37AM",QFC,http://foursquare.com/v/4a99fc5ff964a520563120e3,https://app.foursquare.com/v/4a99fc5ff964a520563120e3,foursquare,
1219,"August 23, 2021 at 09:08AM",Bellevue Botanical Garden,http://foursquare.com/v/4ac23711f964a520399820e3,https://app.foursquare.com/v/4ac23711f964a520399820e3,foursquare,
1220,"August 23, 2021 at 11:18PM",Pacific Science Center,http://foursquare.com/v/43f9b9aaf964a520d12f1fe3,https://app.foursquare.com/v/43f9b9aaf964a520d12f1fe3,foursquare,
1221,"August 24, 2021 at 12:24AM",JOANN Fabrics and Crafts,http://foursquare.com/v/4a5be77df964a520f6bb1fe3,https://app.foursquare.com/v/4a5be77df964a520f6bb1fe3,foursquare,
1222,"August 24, 2021 at 12:24AM",Ballard Commons Park,http://foursquare.com/v/4a18b0d3f964a520dc791fe3,https://app.foursquare.com/v/4a18b0d3f964a520dc791fe3,foursquare,
1223,"August 24, 2021 at 02:55AM",The Other Coast Cafe,http://foursquare.com/v/45f4185ef964a520f7431fe3,https://app.foursquare.com/v/45f4185ef964a520f7431fe3,foursquare,
1225,"August 29, 2021 at 12:31AM",Chesterfield Beach Park,http://foursquare.com/v/4e162b09c65be9c55e830c3e,https://app.foursquare.com/v/4e162b09c65be9c55e830c3e,foursquare,
1226,"August 29, 2021 at 04:29AM",Atammayatarama Buddhist Monastery,http://foursquare.com/v/4cdb004b4006a1433d84d5b2,https://app.foursquare.com/v/4cdb004b4006a1433d84d5b2,foursquare,
1227,"August 29, 2021 at 08:11AM",Pho Vina,http://foursquare.com/v/4d719380d976236a8111f978,https://app.foursquare.com/v/4d719380d976236a8111f978,foursquare,
1228,"September 05, 2021 at 12:23AM",The Source at Luther Burbank Park,http://foursquare.com/v/4edaa0a10039e227b7ab7c6c,https://app.foursquare.com/v/4edaa0a10039e227b7ab7c6c,foursquare,
1229,"September 05, 2021 at 12:52AM",Enatai Park,http://foursquare.com/v/4ca51e62931bb60c553787e2,https://app.foursquare.com/v/4ca51e62931bb60c553787e2,foursquare,
1230,"September 06, 2021 at 01:48AM",Asian Food Center,http://foursquare.com/v/4b25241cf964a520c76c24e3,https://app.foursquare.com/v/4b25241cf964a520c76c24e3,foursquare,
1231,"September 06, 2021 at 04:14AM",Cascara Circle Park,http://foursquare.com/v/4dbddcaf43a1d8504bb0ea4b,https://app.foursquare.com/v/4dbddcaf43a1d8504bb0ea4b,foursquare,
1232,"September 06, 2021 at 12:07PM",92nd Street Park,http://foursquare.com/v/5259c674498e7f80d8ecbe5b,https://app.foursquare.com/v/5259c674498e7f80d8ecbe5b,foursquare,
1233,"September 07, 2021 at 08:10AM",North Kirkland Community Center & Park,http://foursquare.com/v/4ac1a30df964a520959720e3,https://app.foursquare.com/v/4ac1a30df964a520959720e3,foursquare,
1234,"September 09, 2021 at 04:02AM",Luther Burbank Park,http://foursquare.com/v/490d85a7f964a52063521fe3,https://app.foursquare.com/v/490d85a7f964a52063521fe3,foursquare,
1235,"September 10, 2021 at 01:02AM",Kaiser Permanente Parking Garage,http://foursquare.com/v/5bbfe2ee968f31002ce96a57,https://app.foursquare.com/v/5bbfe2ee968f31002ce96a57,foursquare,
1236,"September 12, 2021 at 02:07AM",Blue Parking Lot - Washington State Fair,http://foursquare.com/v/51743ee2e4b054415eada432,https://app.foursquare.com/v/51743ee2e4b054415eada432,foursquare,
1237,"September 12, 2021 at 05:44AM",Livestock Barn M - Washington State Fair,http://foursquare.com/v/52336ed211d26cb3298292c3,https://app.foursquare.com/v/52336ed211d26cb3298292c3,foursquare,
1238,"September 17, 2021 at 04:12AM",Trader Joe's,http://foursquare.com/v/4aa9ac64f964a520cd5420e3,https://app.foursquare.com/v/4aa9ac64f964a520cd5420e3,foursquare,
1240,"September 24, 2021 at 09:55AM",Uwajimaya,http://foursquare.com/v/4a41c902f964a5209aa51fe3,https://app.foursquare.com/v/4a41c902f964a5209aa51fe3,foursquare,
1241,"September 25, 2021 at 05:42PM",Lake Sammamish State Park,http://foursquare.com/v/4a91cc00f964a520d91b20e3,https://app.foursquare.com/v/4a91cc00f964a520d91b20e3,foursquare,
1244,"October 02, 2021 at 02:51PM",W Bellevue,http://foursquare.com/v/59444b89da70806450e850b9,https://app.foursquare.com/v/59444b89da70806450e850b9,foursquare,
1246,"October 08, 2021 at 08:09AM",Seattle-Tacoma International Airport (SEA),http://foursquare.com/v/45f555cef964a5200e441fe3,https://app.foursquare.com/v/45f555cef964a5200e441fe3,foursquare,
1247,"October 08, 2021 at 09:23AM",The Club at SEA,http://foursquare.com/v/572e44a1498eb6298194d6b8,https://app.foursquare.com/v/572e44a1498eb6298194d6b8,foursquare,
1248,"October 08, 2021 at 02:40PM",Milwaukee Mitchell International Airport (MKE),http://foursquare.com/v/4aa9dde9f964a520755520e3,https://app.foursquare.com/v/4aa9dde9f964a520755520e3,foursquare,
1249,"October 10, 2021 at 03:29PM",Cedar Valley Cheese Store,http://foursquare.com/v/4c376f352c8020a176038900,https://app.foursquare.com/v/4c376f352c8020a176038900,foursquare,
1250,"October 11, 2021 at 09:03AM",Apple Bayshore,http://foursquare.com/v/4adb6477f964a520e22621e3,https://app.foursquare.com/v/4adb6477f964a520e22621e3,foursquare,
1251,"October 11, 2021 at 10:35AM",Bayshore Fountain,http://foursquare.com/v/4e39dbaafa766e76ed3c7584,https://app.foursquare.com/v/4e39dbaafa766e76ed3c7584,foursquare,
1252,"October 11, 2021 at 10:36AM",Potbelly Sandwich Shop,http://foursquare.com/v/519b7fa61d9f0811e958c8ae,https://app.foursquare.com/v/519b7fa61d9f0811e958c8ae,foursquare,
1253,"October 11, 2021 at 03:08PM",Mitchell Field,http://foursquare.com/v/609b632430f78255e7872318,https://app.foursquare.com/v/609b632430f78255e7872318,foursquare,
1254,"October 23, 2021 at 01:43PM",Yakima Fruit Market,http://foursquare.com/v/4b8ea6fdf964a5209d2e33e3,https://app.foursquare.com/v/4b8ea6fdf964a5209d2e33e3,foursquare,
1257,"November 05, 2021 at 11:04AM",Julia's in Wallingford,http://foursquare.com/v/421a7600f964a5209a1f1fe3,https://app.foursquare.com/v/421a7600f964a5209a1f1fe3,foursquare,
1258,"November 05, 2021 at 01:21PM",Ezell's Famous Chicken,http://foursquare.com/v/57dde06c498e779b8196ab42,https://app.foursquare.com/v/57dde06c498e779b8196ab42,foursquare,
1259,"November 05, 2021 at 07:43PM",Tavern Hall,http://foursquare.com/v/54275fb7498ea888468fe70b,https://app.foursquare.com/v/54275fb7498ea888468fe70b,foursquare,
1260,"November 06, 2021 at 06:46PM",The Goose Pub & Eatery,http://foursquare.com/v/40b3de00f964a52041001fe3,https://app.foursquare.com/v/40b3de00f964a52041001fe3,foursquare,
1261,"November 09, 2021 at 05:37PM",UW Medical Center Hospital Expansion,http://foursquare.com/v/4fb12860e4b0f4503b2078b1,https://app.foursquare.com/v/4fb12860e4b0f4503b2078b1,foursquare,
1262,"November 12, 2021 at 01:12PM",Rainier BBQ & Restaurant,http://foursquare.com/v/4b99d38ff964a520869335e3,https://app.foursquare.com/v/4b99d38ff964a520869335e3,foursquare,
1263,"November 13, 2021 at 11:54AM",Stevens Pass Ski Area,http://foursquare.com/v/43ea3fd4f964a520292f1fe3,https://app.foursquare.com/v/43ea3fd4f964a520292f1fe3,foursquare,
1264,"November 13, 2021 at 02:33PM",Yodelin Broth,http://foursquare.com/v/59adb26b8a6f173536335297,https://app.foursquare.com/v/59adb26b8a6f173536335297,foursquare,
1265,"November 13, 2021 at 03:30PM",Tesla Supercharger,http://foursquare.com/v/5b8b4938835c9a0039e7f65f,https://app.foursquare.com/v/5b8b4938835c9a0039e7f65f,foursquare,
1266,"November 18, 2021 at 09:02AM",Capital One Café,http://foursquare.com/v/58335140dfa6ff47799bfdbf,https://app.foursquare.com/v/58335140dfa6ff47799bfdbf,foursquare,
1267,"November 19, 2021 at 11:55AM",Cedar River Trail Park,http://foursquare.com/v/4f88a0bce4b0abaa01f029fe,https://app.foursquare.com/v/4f88a0bce4b0abaa01f029fe,foursquare,
1268,"November 19, 2021 at 12:46PM",Pho Ever,http://foursquare.com/v/53067974498e6a7af0de49a1,https://app.foursquare.com/v/53067974498e6a7af0de49a1,foursquare,
1269,"November 19, 2021 at 02:09PM",Trader Joe's,http://foursquare.com/v/58014b2638fa472b0c386df7,https://app.foursquare.com/v/58014b2638fa472b0c386df7,foursquare,
1270,"November 29, 2021 at 11:13AM",IKEA Bistro,http://foursquare.com/v/578b01f0498e37a834305f2f,https://app.foursquare.com/v/578b01f0498e37a834305f2f,foursquare,
1271,"November 29, 2021 at 05:29PM",Como,http://foursquare.com/v/5cfd9fc53fcee8002ca86b11,https://app.foursquare.com/v/5cfd9fc53fcee8002ca86b11,foursquare,
1272,"December 03, 2021 at 11:45AM",REI,http://foursquare.com/v/412fcb00f964a5202d0d1fe3,https://app.foursquare.com/v/412fcb00f964a5202d0d1fe3,foursquare,
1273,"December 05, 2021 at 12:06PM",Dairyland,http://foursquare.com/v/55d10712498ed192538e8bef,https://app.foursquare.com/v/55d10712498ed192538e8bef,foursquare,
1274,"December 07, 2021 at 07:21PM",Cedar + Elm,http://foursquare.com/v/60ac5ce31f6be2578be63dad,https://app.foursquare.com/v/60ac5ce31f6be2578be63dad,foursquare,
1275,"December 11, 2021 at 12:04PM",Crystal Mountain Ski Area,http://foursquare.com/v/4afda457f964a5206b2922e3,https://app.foursquare.com/v/4afda457f964a5206b2922e3,foursquare,
1277,"December 23, 2021 at 07:21PM",Hokkaido Ramen Santouka,http://foursquare.com/v/5352ba87498e73b594ae2d38,https://app.foursquare.com/v/5352ba87498e73b594ae2d38,foursquare,
1278,"January 05, 2022 at 03:07PM",Z-Ultimate Self Defense Studios,http://foursquare.com/v/4e04b1612271233b767e01d7,https://app.foursquare.com/v/4e04b1612271233b767e01d7,foursquare,
1281,"January 23, 2022 at 10:43AM",Central Fire Pit,http://foursquare.com/v/4eed738102d514a36a151057,https://app.foursquare.com/v/4eed738102d514a36a151057,foursquare,
1280,"January 21, 2022 at 08:38AM",Summit Central,http://foursquare.com/v/4cf6a38e2d032c0f1e0375d3,https://app.foursquare.com/v/4cf6a38e2d032c0f1e0375d3,foursquare,
1283,"February 05, 2022 at 05:40PM",AutoZone,http://foursquare.com/v/5401304f498e43e77e1af4f9,https://app.foursquare.com/v/5401304f498e43e77e1af4f9,foursquare,
1284,"February 06, 2022 at 02:42PM",National Nordic Museum Gift Shop,http://foursquare.com/v/60e0f56c26f0b0007381a663,https://app.foursquare.com/v/60e0f56c26f0b0007381a663,foursquare,
1286,"February 10, 2022 at 08:02AM",Oakland International Airport (OAK),http://foursquare.com/v/4493522af964a5207c341fe3,https://app.foursquare.com/v/4493522af964a5207c341fe3,foursquare,
1287,"February 10, 2022 at 10:30AM",Palm Springs International Airport (PSP),http://foursquare.com/v/4aed9bb3f964a520d5cd21e3,https://app.foursquare.com/v/4aed9bb3f964a520d5cd21e3,foursquare,
1288,"February 10, 2022 at 12:25PM",Smokin' Burgers & Lounge,http://foursquare.com/v/501323ecc84c561e8ccf4caa,https://app.foursquare.com/v/501323ecc84c561e8ccf4caa,foursquare,
1289,"February 10, 2022 at 12:25PM",Ralphs,http://foursquare.com/v/4b110960f964a520a47723e3,https://app.foursquare.com/v/4b110960f964a520a47723e3,foursquare,
1290,"February 12, 2022 at 11:11AM","Oasis Visitor Center, Joshua Tree National Park",http://foursquare.com/v/4cbccd164352a1cd4f35a0f5,https://app.foursquare.com/v/4cbccd164352a1cd4f35a0f5,foursquare,
1291,"February 12, 2022 at 05:33PM",Joshua Tree Saloon,http://foursquare.com/v/4cf6f5d655e137047a04d0b6,https://app.foursquare.com/v/4cf6f5d655e137047a04d0b6,foursquare,
1292,"February 12, 2022 at 06:34PM",Rib Co,http://foursquare.com/v/4c60a0a513791b8dfe1f50af,https://app.foursquare.com/v/4c60a0a513791b8dfe1f50af,foursquare,
1293,"February 13, 2022 at 01:25PM",Palm Springs Auto Wash,http://foursquare.com/v/4c3caae54bc9a593affcd271,https://app.foursquare.com/v/4c3caae54bc9a593affcd271,foursquare,
1294,"February 13, 2022 at 02:03PM",SHAG The Store,http://foursquare.com/v/4b77e196f964a52070ad2ee3,https://app.foursquare.com/v/4b77e196f964a52070ad2ee3,foursquare,
1297,"February 13, 2022 at 08:59PM",Sacramento International Airport (SMF),http://foursquare.com/v/49f40719f964a520f76a1fe3,https://app.foursquare.com/v/49f40719f964a520f76a1fe3,foursquare,
1300,"February 20, 2022 at 10:05AM",Museum of History & Industry (MOHAI),http://foursquare.com/v/4ae3642cf964a520659421e3,https://app.foursquare.com/v/4ae3642cf964a520659421e3,foursquare,
1295,"February 13, 2022 at 07:19PM",Cafeteria 15L,http://foursquare.com/v/4e8d1c1ad5fbbbb6b2f4c063,https://app.foursquare.com/v/4e8d1c1ad5fbbbb6b2f4c063,foursquare,
1301,"February 20, 2022 at 01:32PM",White Swan,http://foursquare.com/v/57773d27cd10013c3adc04c9,https://app.foursquare.com/v/57773d27cd10013c3adc04c9,foursquare,
1302,"February 27, 2022 at 08:53AM",Five Stones Coffee Co,http://foursquare.com/v/5c688f6fc0f163002ca74994,https://app.foursquare.com/v/5c688f6fc0f163002ca74994,foursquare,
1304,"March 07, 2022 at 08:44AM",Tesla Supercharger,http://foursquare.com/v/5bf229370802d4002c1d66f9,https://app.foursquare.com/v/5bf229370802d4002c1d66f9,foursquare,
1305,"March 07, 2022 at 10:39AM",Cypress Mountain Ski Area,http://foursquare.com/v/4aa76f34f964a520d64c20e3,https://app.foursquare.com/v/4aa76f34f964a520d64c20e3,foursquare,
1306,"March 07, 2022 at 01:34PM",Crazy Raven Bar & Grill,http://foursquare.com/v/4bb6570f6edc76b02ac8301c,https://app.foursquare.com/v/4bb6570f6edc76b02ac8301c,foursquare,
1307,"March 07, 2022 at 04:31PM",Quilchena Park,http://foursquare.com/v/4bd88c2851170f47af9933e4,https://app.foursquare.com/v/4bd88c2851170f47af9933e4,foursquare,
1308,"March 07, 2022 at 07:23PM",Save-On-Foods,http://foursquare.com/v/4b33ffc7f964a520ac2325e3,https://app.foursquare.com/v/4b33ffc7f964a520ac2325e3,foursquare,
1309,"March 07, 2022 at 07:53PM",Peace Arch Border Crossing,http://foursquare.com/v/4aab139cf964a520d05820e3,https://app.foursquare.com/v/4aab139cf964a520d05820e3,foursquare,
1311,"March 11, 2022 at 08:41AM",Discount Tire,http://foursquare.com/v/4b46800cf964a520b32226e3,https://app.foursquare.com/v/4b46800cf964a520b32226e3,foursquare,
1313,"March 18, 2022 at 05:46PM",Tesla Supercharger,http://foursquare.com/v/5de064654cfa7400080ff6b7,https://app.foursquare.com/v/5de064654cfa7400080ff6b7,foursquare,
1316,"March 19, 2022 at 05:58PM",Alpine Inn Restaurant,http://foursquare.com/v/4f322c5519836c91c7bd5de4,https://app.foursquare.com/v/4f322c5519836c91c7bd5de4,foursquare,
1315,"March 19, 2022 at 11:24AM",Crystal Mountain Summit,http://foursquare.com/v/4ff1e87ce4b08abf25382a72,https://app.foursquare.com/v/4ff1e87ce4b08abf25382a72,foursquare,
1317,"March 20, 2022 at 08:48AM",CM Mt. Rainier Gondola,http://foursquare.com/v/4d9e1e1e48b6224be9a5349f,https://app.foursquare.com/v/4d9e1e1e48b6224be9a5349f,foursquare,
1319,"April 03, 2022 at 01:44PM",Mod Pizza,http://foursquare.com/v/4b5a5b90f964a520b9bf28e3,https://app.foursquare.com/v/4b5a5b90f964a520b9bf28e3,foursquare,
1320,"April 06, 2022 at 10:05AM",Silver Fir,http://foursquare.com/v/4d979dde97d06ea8d7f6200b,https://app.foursquare.com/v/4d979dde97d06ea8d7f6200b,foursquare,
1321,"April 12, 2022 at 09:56AM",Kelsey Creek Farm,http://foursquare.com/v/57d448c2498e0e681bc51152,https://app.foursquare.com/v/57d448c2498e0e681bc51152,foursquare,
1323,"April 22, 2022 at 06:10PM",T-Mobile Park,http://foursquare.com/v/4b155088f964a520beb023e3,https://app.foursquare.com/v/4b155088f964a520beb023e3,foursquare,
1324,"April 22, 2022 at 06:12PM",Terrace Club,http://foursquare.com/v/4bca551368f976b00f415f83,https://app.foursquare.com/v/4bca551368f976b00f415f83,foursquare,
1325,"April 24, 2022 at 02:32PM",Juel Community Park,http://foursquare.com/v/4bad2ed2f964a520aa363be3,https://app.foursquare.com/v/4bad2ed2f964a520aa363be3,foursquare,
1322,"April 15, 2022 at 11:25AM",Roozengaarde Tulip Farm,http://foursquare.com/v/51733297498e0949c29e0838,https://app.foursquare.com/v/51733297498e0949c29e0838,foursquare,
1326,"May 06, 2022 at 10:35AM",Kaiser Permanente Hospital,http://foursquare.com/v/4b4f6ed3f964a520650627e3,https://app.foursquare.com/v/4b4f6ed3f964a520650627e3,foursquare,
1327,"May 08, 2022 at 03:59PM",Lake Hills Park,http://foursquare.com/v/4bc63f38db8fa593cb069c37,https://app.foursquare.com/v/4bc63f38db8fa593cb069c37,foursquare,
1328,"May 15, 2022 at 02:44PM",Tesla Supercharger,http://foursquare.com/v/5a6caa177564f7473f085795,https://app.foursquare.com/v/5a6caa177564f7473f085795,foursquare,
1329,"May 20, 2022 at 04:13PM",Mercer Slough Environmental Education Center,http://foursquare.com/v/4a9817ddf964a5206f2a20e3,https://app.foursquare.com/v/4a9817ddf964a5206f2a20e3,foursquare,
1330,"June 09, 2022 at 12:02PM",The Cloud Room,http://foursquare.com/v/55d5077f498ee25b6a3ebf37,https://app.foursquare.com/v/55d5077f498ee25b6a3ebf37,foursquare,
1331,"June 11, 2022 at 08:36AM",Robinswood Park,http://foursquare.com/v/4b76dec5f964a520c9652ee3,https://app.foursquare.com/v/4b76dec5f964a520c9652ee3,foursquare,
1332,"June 11, 2022 at 10:07AM",Phantom Lake,http://foursquare.com/v/4d4c907ae4fd6ea8c700c561,https://app.foursquare.com/v/4d4c907ae4fd6ea8c700c561,foursquare,
1333,"June 12, 2022 at 02:07PM",Vertex Arena,http://foursquare.com/v/5c9e5829e97dfb002c9e70d0,https://app.foursquare.com/v/5c9e5829e97dfb002c9e70d0,foursquare,
1334,"June 15, 2022 at 05:27PM",Nibbana -  A Thai Cookery,http://foursquare.com/v/4a90bfc5f964a520591920e3,https://app.foursquare.com/v/4a90bfc5f964a520591920e3,foursquare,
1337,"June 22, 2022 at 11:05AM",Chicago O'Hare International Airport (ORD),http://foursquare.com/v/4a5a77a4f964a52062ba1fe3,https://app.foursquare.com/v/4a5a77a4f964a52062ba1fe3,foursquare,
1335,"June 22, 2022 at 05:24AM",WallyPark Valet Parking Only,http://foursquare.com/v/50992b08e4b071356dc73c1a,https://app.foursquare.com/v/50992b08e4b071356dc73c1a,foursquare,
1339,"June 22, 2022 at 03:07PM",Thai Bar-B-Que,http://foursquare.com/v/4b570473f964a520012328e3,https://app.foursquare.com/v/4b570473f964a520012328e3,foursquare,
1338,"June 22, 2022 at 02:59PM",Asian International Market,http://foursquare.com/v/4c6c23cad68a9c74587a666b,https://app.foursquare.com/v/4c6c23cad68a9c74587a666b,foursquare,
1340,"June 23, 2022 at 12:10PM",ALDI,http://foursquare.com/v/4c1cf378eac020a1c54f47c2,https://app.foursquare.com/v/4c1cf378eac020a1c54f47c2,foursquare,
1341,"June 23, 2022 at 01:48PM",KOHN&apos;S CITGO,http://foursquare.com/v/4c2fd915a0ced13a4952116e,https://app.foursquare.com/v/4c2fd915a0ced13a4952116e,foursquare,
1343,"June 26, 2022 at 09:56PM",Froedtert St. Joseph's Hospital,http://foursquare.com/v/4dce757822718eed7a37ddee,https://app.foursquare.com/v/4dce757822718eed7a37ddee,foursquare,
1342,"June 26, 2022 at 10:18AM",Big Joes,http://foursquare.com/v/4c181de7838020a1cbc5e361,https://app.foursquare.com/v/4c181de7838020a1cbc5e361,foursquare,
1344,"June 28, 2022 at 08:14AM",Target,http://foursquare.com/v/4adf9776f964a520e87b21e3,https://app.foursquare.com/v/4adf9776f964a520e87b21e3,foursquare,
1345,"June 28, 2022 at 10:07AM",Vietnamese Noodles,http://foursquare.com/v/50d50734e4b019a9cfbf8a94,https://app.foursquare.com/v/50d50734e4b019a9cfbf8a94,foursquare,
1346,"June 29, 2022 at 08:03AM",Menards,http://foursquare.com/v/4d7aae4715ae8eecd1f5390b,https://app.foursquare.com/v/4d7aae4715ae8eecd1f5390b,foursquare,
1348,"June 30, 2022 at 03:16PM",Mauthe Lake Beach,http://foursquare.com/v/51deeca5498ea7fe6ee38058,https://app.foursquare.com/v/51deeca5498ea7fe6ee38058,foursquare,
1349,"July 01, 2022 at 01:51PM",Pirate's Cove Adventure Golf,http://foursquare.com/v/4bd1fafc41b9ef3b850efde5,https://app.foursquare.com/v/4bd1fafc41b9ef3b850efde5,foursquare,
1350,"July 01, 2022 at 06:14PM",MACS- Macaroni And Cheese Shop,http://foursquare.com/v/51c227cf498e3891043a8825,https://app.foursquare.com/v/51c227cf498e3891043a8825,foursquare,
1351,"July 02, 2022 at 03:01PM",Krazy Mirror Maze,http://foursquare.com/v/4e502950c65bb313ba911257,https://app.foursquare.com/v/4e502950c65bb313ba911257,foursquare,
1352,"July 02, 2022 at 03:01PM",Noah's Ark Waterpark,http://foursquare.com/v/5d4bc0abac2ecd0007d2bdbd,https://app.foursquare.com/v/5d4bc0abac2ecd0007d2bdbd,foursquare,
1353,"July 03, 2022 at 07:07PM",River Hill Park,http://foursquare.com/v/4c2fdb037cc0c9b68286ec9a,https://app.foursquare.com/v/4c2fdb037cc0c9b68286ec9a,foursquare,
1354,"July 04, 2022 at 10:25AM","Campbellsport, WI",http://foursquare.com/v/4ee223365c5cfd21337ed647,https://app.foursquare.com/v/4ee223365c5cfd21337ed647,foursquare,
1355,"July 05, 2022 at 02:01PM",Coach USA Airport Express,http://foursquare.com/v/4bd7434509ecb713677c467c,https://app.foursquare.com/v/4bd7434509ecb713677c467c,foursquare,
1358,"July 08, 2022 at 06:56PM",Alki Beach Park,http://foursquare.com/v/4310fe80f964a52053271fe3,https://app.foursquare.com/v/4310fe80f964a52053271fe3,foursquare,
1360,"July 11, 2022 at 01:58PM",Wilburton Hill Park,http://foursquare.com/v/4b0f05e0f964a5204a5e23e3,https://app.foursquare.com/v/4b0f05e0f964a5204a5e23e3,foursquare,
1362,"July 17, 2022 at 02:31PM",Mukilteo Ferry Terminal,http://foursquare.com/v/4b0de6a6f964a520565223e3,https://app.foursquare.com/v/4b0de6a6f964a520565223e3,foursquare,
1363,"July 18, 2022 at 08:17AM",Fort Ebey State Park,http://foursquare.com/v/4bc369354cdfc9b62c4f9721,https://app.foursquare.com/v/4bc369354cdfc9b62c4f9721,foursquare,
1364,"July 20, 2022 at 10:38AM",Mukilteo/Clinton Ferry Boat,http://foursquare.com/v/504a2217e4b0c65efb683a9b,https://app.foursquare.com/v/504a2217e4b0c65efb683a9b,foursquare,
1370,"July 31, 2022 at 02:30AM",Singapore Changi Airport (SIN),http://foursquare.com/v/4b0bd124f964a520e03323e3,https://app.foursquare.com/v/4b0bd124f964a520e03323e3,foursquare,
1371,"July 31, 2022 at 12:22PM",Capri by Fraser Hotel Residences,http://foursquare.com/v/52a3fd7d11d2f586ee26daa9,https://app.foursquare.com/v/52a3fd7d11d2f586ee26daa9,foursquare,
1368,"July 29, 2022 at 01:19PM",Kelsey Creek Park,http://foursquare.com/v/49ed7b0af964a520ec671fe3,https://app.foursquare.com/v/49ed7b0af964a520ec671fe3,foursquare,
1373,"August 01, 2022 at 12:40AM",Shell,http://foursquare.com/v/5f3aa167933f477de07aa205,https://app.foursquare.com/v/5f3aa167933f477de07aa205,foursquare,
1374,"August 01, 2022 at 02:21AM",Vimarn Samed Resort Koh-Samed,http://foursquare.com/v/4d770524586ef04d3507e2f0,https://app.foursquare.com/v/4d770524586ef04d3507e2f0,foursquare,
1376,"August 02, 2022 at 03:20AM",Vong Deuan Beach (อ่าววงเดือน),http://foursquare.com/v/4d08427900e6b1f7b7c50cd7,https://app.foursquare.com/v/4d08427900e6b1f7b7c50cd7,foursquare,
1375,"August 01, 2022 at 04:30AM",Samed Cabana Resort Koh Samet,http://foursquare.com/v/4bdf17c57ea362b5b75243c4,https://app.foursquare.com/v/4bdf17c57ea362b5b75243c4,foursquare,
1377,"August 02, 2022 at 04:21AM",Green Place Restaurant,http://foursquare.com/v/4f1186f4e4b0d59e200dadb5,https://app.foursquare.com/v/4f1186f4e4b0d59e200dadb5,foursquare,
1378,"August 03, 2022 at 05:20AM",Ploytalay Restaurant (พลอยทะเล),http://foursquare.com/v/4d567844a747b60cf9a5282b,https://app.foursquare.com/v/4d567844a747b60cf9a5282b,foursquare,
1379,"August 03, 2022 at 04:58PM",Sawasdee CoCo (สวัสดี โคโค่),http://foursquare.com/v/4d71e9e6bce5721e7753c615,https://app.foursquare.com/v/4d71e9e6bce5721e7753c615,foursquare,
1382,"August 04, 2022 at 12:00AM",ลาบอุบล ป้าแดง 5,http://foursquare.com/v/4ea6d8c78b814c68ad105ad3,https://app.foursquare.com/v/4ea6d8c78b814c68ad105ad3,foursquare,
1380,"August 03, 2022 at 05:55PM",Summer Day Resort,http://foursquare.com/v/4ed8bbbe9a5286d91d4125d1,https://app.foursquare.com/v/4ed8bbbe9a5286d91d4125d1,foursquare,
1383,"August 04, 2022 at 07:45PM",Starbucks (สตาร์บัคส์),http://foursquare.com/v/5842a1f4158bbb64675a7945,https://app.foursquare.com/v/5842a1f4158bbb64675a7945,foursquare,
1384,"August 05, 2022 at 05:17AM",Scruffy Murphy's,http://foursquare.com/v/5a363d5cbd897e22bedd9901,https://app.foursquare.com/v/5a363d5cbd897e22bedd9901,foursquare,
1385,"August 05, 2022 at 08:32PM",7-Eleven (เซเว่น อีเลฟเว่น),http://foursquare.com/v/4c556aa3f5f3d13a28d1bafb,https://app.foursquare.com/v/4c556aa3f5f3d13a28d1bafb,foursquare,
1386,"August 05, 2022 at 09:08PM",Wat Sangkhathan (วัดสังฆทาน),http://foursquare.com/v/4b9c5461f964a520056036e3,https://app.foursquare.com/v/4b9c5461f964a520056036e3,foursquare,
1387,"August 05, 2022 at 09:58PM",Wat Tanod (วัดโตนด),http://foursquare.com/v/4da3d423bf22a143daf4d0f8,https://app.foursquare.com/v/4da3d423bf22a143daf4d0f8,foursquare,
1388,"August 05, 2022 at 11:51PM",มัสยิดท่าอิฐ,http://foursquare.com/v/4e36bef718a82fdd6583d08b,https://app.foursquare.com/v/4e36bef718a82fdd6583d08b,foursquare,
1389,"August 06, 2022 at 12:23AM",Chit Beer (ชิตเบียร์),http://foursquare.com/v/52b6b2f9498e8a763d41dcf2,https://app.foursquare.com/v/52b6b2f9498e8a763d41dcf2,foursquare,
1390,"August 07, 2022 at 03:40AM",Baan Ice (บ้านไอซ์),http://foursquare.com/v/5087d1d3e4b064587677a6c6,https://app.foursquare.com/v/5087d1d3e4b064587677a6c6,foursquare,
1391,"August 07, 2022 at 08:23PM",PTT (ปตท.),http://foursquare.com/v/4ed61242e5faf148a73e524e,https://app.foursquare.com/v/4ed61242e5faf148a73e524e,foursquare,
1392,"August 07, 2022 at 11:29PM",PT,http://foursquare.com/v/5ca73b23492822002dadc972,https://app.foursquare.com/v/5ca73b23492822002dadc972,foursquare,
1393,"August 08, 2022 at 12:25AM",Goodbeans.Cafe,http://foursquare.com/v/62c7c94483888c07fed09da6,https://app.foursquare.com/v/62c7c94483888c07fed09da6,foursquare,
1394,"August 08, 2022 at 05:31AM",Kaen (แก่น),http://foursquare.com/v/618ba7ea9b1f9713995f045d,https://app.foursquare.com/v/618ba7ea9b1f9713995f045d,foursquare,
1395,"August 08, 2022 at 07:42AM",Glacier Hotel (โรงแรมกลาเซียร์),http://foursquare.com/v/4bc0366d920eb713b1b1182c,https://app.foursquare.com/v/4bc0366d920eb713b1b1182c,foursquare,
1396,"August 08, 2022 at 04:40PM",PTT Jiffy (ปตท.),http://foursquare.com/v/4d69efbede28224b720f4abe,https://app.foursquare.com/v/4d69efbede28224b720f4abe,foursquare,
1397,"August 08, 2022 at 09:01PM",Rain Forest Resort,http://foursquare.com/v/4cf909da3875b1f7001f973c,https://app.foursquare.com/v/4cf909da3875b1f7001f973c,foursquare,
1398,"August 08, 2022 at 10:26PM",Esso,http://foursquare.com/v/5e057f2584645f00081ecbf1,https://app.foursquare.com/v/5e057f2584645f00081ecbf1,foursquare,
1402,"August 11, 2022 at 10:33PM",Duangtawan Hotel (โรงแรมเซ็นทาราดวงตะวัน),http://foursquare.com/v/4b7cddc8f964a520d0a72fe3,https://app.foursquare.com/v/4b7cddc8f964a520d0a72fe3,foursquare,
1404,"August 12, 2022 at 04:00AM",Mi,http://foursquare.com/v/5c9887486fd6260039bb0431,https://app.foursquare.com/v/5c9887486fd6260039bb0431,foursquare,
1415,"August 17, 2022 at 08:38PM",Unlimit Mac Repair (บริษัท อันลิมิตแมค จำกัด),http://foursquare.com/v/4b41d1b4f964a52029c925e3,https://app.foursquare.com/v/4b41d1b4f964a52029c925e3,foursquare,
1416,"August 18, 2022 at 05:11AM",Tha Arun (ท่าอรุณ),http://foursquare.com/v/5e351f67f32d700008d05296,https://app.foursquare.com/v/5e351f67f32d700008d05296,foursquare,
1417,"August 18, 2022 at 05:27PM",Wat Hua Lampong (วัดหัวลําโพง),http://foursquare.com/v/4b5ac862f964a52072d428e3,https://app.foursquare.com/v/4b5ac862f964a52072d428e3,foursquare,
1418,"August 18, 2022 at 05:47PM",The British Club Bangkok (สมาคมสโมสรอังกฤษกรุงเทพ),http://foursquare.com/v/4b0587fdf964a52057ab22e3,https://app.foursquare.com/v/4b0587fdf964a52057ab22e3,foursquare,
1420,"August 19, 2022 at 08:21AM",Terminal 3,http://foursquare.com/v/4b1baa07f964a52084fc23e3,https://app.foursquare.com/v/4b1baa07f964a52084fc23e3,foursquare,
1421,"August 19, 2022 at 04:24PM",Butterfly Garden,http://foursquare.com/v/4b79687cf964a520f5f72ee3,https://app.foursquare.com/v/4b79687cf964a520f5f72ee3,foursquare,
1422,"August 19, 2022 at 04:24PM",Ambassador Transit Lounge,http://foursquare.com/v/4bf1cad952bda59336fbb1b7,https://app.foursquare.com/v/4bf1cad952bda59336fbb1b7,foursquare,
1424,"August 23, 2022 at 02:22PM",Dough Zone Dumpling House,http://foursquare.com/v/6039e57986a2054d4b305a8f,https://app.foursquare.com/v/6039e57986a2054d4b305a8f,foursquare,
1427,"August 26, 2022 at 06:12PM",Rockport Pub,http://foursquare.com/v/4d98fa0c744f370412f3fc57,https://app.foursquare.com/v/4d98fa0c744f370412f3fc57,foursquare,
1428,"August 27, 2022 at 08:31AM",Marblemount Diner,http://foursquare.com/v/4c38a0c193db0f4774e02192,https://app.foursquare.com/v/4c38a0c193db0f4774e02192,foursquare,
1429,"August 27, 2022 at 02:25PM",Skagit Information Center,http://foursquare.com/v/55baa458498e24a7839addea,https://app.foursquare.com/v/55baa458498e24a7839addea,foursquare,
1430,"August 27, 2022 at 05:27PM",Tesla Supercharger Burlington,http://foursquare.com/v/51d5d75f498ea9118de7edae,https://app.foursquare.com/v/51d5d75f498ea9118de7edae,foursquare,
1431,"August 27, 2022 at 05:41PM",Taste Of Thai By Wipa,http://foursquare.com/v/5b9473360a08ab002ce61b56,https://app.foursquare.com/v/5b9473360a08ab002ce61b56,foursquare,
1433,"September 02, 2022 at 02:13PM",Kura Revolving Sushi Bar,http://foursquare.com/v/60cd95f0109f2865a095924b,https://app.foursquare.com/v/60cd95f0109f2865a095924b,foursquare,
1434,"September 04, 2022 at 06:38PM",Fern Thai On Main,http://foursquare.com/v/5d2a27cabc080d0023b24b77,https://app.foursquare.com/v/5d2a27cabc080d0023b24b77,foursquare,
1435,"September 12, 2022 at 05:12PM",Bellevue Aquatic Center,http://foursquare.com/v/49ef9ffff964a520d3681fe3,https://app.foursquare.com/v/49ef9ffff964a520d3681fe3,foursquare,
1436,"September 13, 2022 at 11:59AM",sunrise dental,http://foursquare.com/v/4b9bcd91f964a5200a2736e3,https://app.foursquare.com/v/4b9bcd91f964a5200a2736e3,foursquare,
1437,"September 16, 2022 at 05:21PM",Palace Korean Bar & Grill,http://foursquare.com/v/4aebaf1af964a52060c421e3,https://app.foursquare.com/v/4aebaf1af964a52060c421e3,foursquare,
1438,"September 25, 2022 at 09:49AM",Starbucks Reserve SoDo,http://foursquare.com/v/5a9586e356c89f2809ac7843,https://app.foursquare.com/v/5a9586e356c89f2809ac7843,foursquare,
1440,"September 30, 2022 at 06:08AM",Mardi Gras Hotel & Casino,http://foursquare.com/v/4b439f6af964a5208fe425e3,https://app.foursquare.com/v/4b439f6af964a5208fe425e3,foursquare,
1441,"September 30, 2022 at 08:25AM",Westgate Las Vegas Resort & Casino,http://foursquare.com/v/53b3723b498e24434d7bbdbf,https://app.foursquare.com/v/53b3723b498e24434d7bbdbf,foursquare,
1442,"September 30, 2022 at 10:13AM",West Hall,http://foursquare.com/v/614cd5302f49ea446e39646f,https://app.foursquare.com/v/614cd5302f49ea446e39646f,foursquare,
1443,"September 30, 2022 at 01:05PM",Vegas Loop Tesla Tunnel,http://foursquare.com/v/61e877df56a5a202dfc71f2a,https://app.foursquare.com/v/61e877df56a5a202dfc71f2a,foursquare,
1444,"September 30, 2022 at 01:22PM",Resorts World Las Vegas,http://foursquare.com/v/554697b1498e5269a9647dcc,https://app.foursquare.com/v/554697b1498e5269a9647dcc,foursquare,
1446,"October 04, 2022 at 04:34PM",Rain City Fencing Center,http://foursquare.com/v/4b4cb6b9f964a52074bb26e3,https://app.foursquare.com/v/4b4cb6b9f964a52074bb26e3,foursquare,
1447,"October 09, 2022 at 01:55PM",The Farm at Swan's Trail,http://foursquare.com/v/4c68a7f9710b2d7f74d85c73,https://app.foursquare.com/v/4c68a7f9710b2d7f74d85c73,foursquare,
1448,"October 16, 2022 at 09:28AM",Emerald City Trapeze,http://foursquare.com/v/4b5fbd2df964a520c1ca29e3,https://app.foursquare.com/v/4b5fbd2df964a520c1ca29e3,foursquare,
1449,"October 18, 2022 at 09:42AM",The UPS Store,http://foursquare.com/v/4ab43e8ef964a520897020e3,https://app.foursquare.com/v/4ab43e8ef964a520897020e3,foursquare,
1451,"October 23, 2022 at 01:50PM",Oxbow Center for Sustainable Agriculture and the Environment,http://foursquare.com/v/4c40e756d7fad13aa6bd06da,https://app.foursquare.com/v/4c40e756d7fad13aa6bd06da,foursquare,
1450,"October 23, 2022 at 12:25PM",Goodwill Seattle Outlet,http://foursquare.com/v/47f0ffd8f964a520814e1fe3,https://app.foursquare.com/v/47f0ffd8f964a520814e1fe3,foursquare,
1454,"November 10, 2022 at 12:57PM",Lumen Field Event Center,http://foursquare.com/v/43f8d1f9f964a520cb2f1fe3,https://app.foursquare.com/v/43f8d1f9f964a520cb2f1fe3,foursquare,
1455,"November 18, 2022 at 06:54PM",Kizuki Ramen & Izakaya,http://foursquare.com/v/59bb3bd27dc9e174b532bbd3,https://app.foursquare.com/v/59bb3bd27dc9e174b532bbd3,foursquare,
1457,"November 26, 2022 at 11:42AM",Coal Creek Natural Area,http://foursquare.com/v/5e95e5e4289261000877e281,https://app.foursquare.com/v/5e95e5e4289261000877e281,foursquare,
1458,"November 27, 2022 at 04:08PM",Christmas Creek Tree Farm,http://foursquare.com/v/4cbe675d73ef199cb707d8a2,https://app.foursquare.com/v/4cbe675d73ef199cb707d8a2,foursquare,
1459,"December 02, 2022 at 08:26AM",City of SeaTac,http://foursquare.com/v/4bc27309461576b0f47f7d32,https://app.foursquare.com/v/4bc27309461576b0f47f7d32,foursquare,
1460,"December 02, 2022 at 04:25PM",Seven Hills Pub & Grille,http://foursquare.com/v/61f49961267b550d277cc833,https://app.foursquare.com/v/61f49961267b550d277cc833,foursquare,
1461,"December 03, 2022 at 05:28PM",Kyotes Bar & Grill,http://foursquare.com/v/5bea20a1a22db7002cd4040c,https://app.foursquare.com/v/5bea20a1a22db7002cd4040c,foursquare,
1462,"December 04, 2022 at 12:31PM",Bridge Inn,http://foursquare.com/v/4b05daabf964a52072e422e3,https://app.foursquare.com/v/4b05daabf964a52072e422e3,foursquare,
1464,"December 10, 2022 at 01:17PM",Jimmy John's,http://foursquare.com/v/54183edb498e3431272c464f,https://app.foursquare.com/v/54183edb498e3431272c464f,foursquare,
1465,"December 10, 2022 at 02:44PM",Silver Cloud Inn,http://foursquare.com/v/4b6015cbf964a5205ad529e3,https://app.foursquare.com/v/4b6015cbf964a5205ad529e3,foursquare,
1467,"December 10, 2022 at 03:59PM",Clinton Ferry Terminal,http://foursquare.com/v/4b254c43f964a5208c6f24e3,https://app.foursquare.com/v/4b254c43f964a5208c6f24e3,foursquare,
1468,"December 11, 2022 at 03:01PM",The Local 104,http://foursquare.com/v/5bd3b3a78afbe0002d5e15b2,https://app.foursquare.com/v/5bd3b3a78afbe0002d5e15b2,foursquare,
1469,"December 18, 2022 at 11:51AM",DeLaurenti Specialty Food & Wine,http://foursquare.com/v/49ef647df964a520ad681fe3,https://app.foursquare.com/v/49ef647df964a520ad681fe3,foursquare,
1471,"December 22, 2022 at 12:20PM",Target,http://foursquare.com/v/4a71028df964a520f7d81fe3,https://app.foursquare.com/v/4a71028df964a520f7d81fe3,foursquare,
1472,"December 24, 2022 at 12:15PM",FedEx Ground Distribution Center,http://foursquare.com/v/52125b7d498e98bc9b4300a8,https://app.foursquare.com/v/52125b7d498e98bc9b4300a8,foursquare,
1475,"December 30, 2022 at 05:26PM",Tesla Supercharger,http://foursquare.com/v/5edda25c99eb6d704238d042,https://app.foursquare.com/v/5edda25c99eb6d704238d042,foursquare,
1476,"December 30, 2022 at 06:41PM",Made In Oregon,http://foursquare.com/v/4b8d70ddf964a5200bfc32e3,https://app.foursquare.com/v/4b8d70ddf964a5200bfc32e3,foursquare,
1477,"December 30, 2022 at 08:15PM",Punch Bowl Social,http://foursquare.com/v/51e6e447498e3947ed9ea15e,https://app.foursquare.com/v/51e6e447498e3947ed9ea15e,foursquare,
1478,"December 30, 2022 at 09:27PM",Tesla Supercharger,http://foursquare.com/v/51f97cab498e1f45a7b8c88d,https://app.foursquare.com/v/51f97cab498e1f45a7b8c88d,foursquare,
1479,"December 31, 2022 at 06:36AM",Red Lion Inn & Suites McMinnville,http://foursquare.com/v/4bcf806e0ffdce721a8eb2c0,https://app.foursquare.com/v/4bcf806e0ffdce721a8eb2c0,foursquare,
1480,"December 31, 2022 at 11:32AM",Evergreen Wings & Waves Waterpark,http://foursquare.com/v/4dc99177e4cd1818d5bb813b,https://app.foursquare.com/v/4dc99177e4cd1818d5bb813b,foursquare,
1482,"December 31, 2022 at 05:37PM",Tesla Chargers,http://foursquare.com/v/5b071c78e1f0aa0039e2dc4d,https://app.foursquare.com/v/5b071c78e1f0aa0039e2dc4d,foursquare,
1481,"December 31, 2022 at 05:36PM",Washington Square,http://foursquare.com/v/4a5d3863f964a52065bd1fe3,https://app.foursquare.com/v/4a5d3863f964a52065bd1fe3,foursquare,
1483,"December 31, 2022 at 06:56PM",Hilton,http://foursquare.com/v/4a3ab616f964a52024a01fe3,https://app.foursquare.com/v/4a3ab616f964a52024a01fe3,foursquare,
1484,"January 01, 2023 at 11:24AM",The Daily Feast,http://foursquare.com/v/5744d50a498e1dd7e3b10914,https://app.foursquare.com/v/5744d50a498e1dd7e3b10914,foursquare,
